<?xml version="1.0" encoding="UTF-8"?>
<jcr:root xmlns:cq="http://www.day.com/jcr/cq/1.0" xmlns:jcr="http://www.jcp.org/jcr/1.0"
    jcr:primaryType="cq:Dialog"
    title="Edit Component"
    width="100%"
    xtype="dialog">
    <items
        jcr:primaryType="cq:Widget"
        xtype="tabpanel">
        <items jcr:primaryType="cq:WidgetCollection">
            <exceptions
                jcr:primaryType="cq:Panel"
                title="Exclusion List">
                <items jcr:primaryType="cq:WidgetCollection">
                    <pages
                        jcr:primaryType="cq:Widget"
                        fieldDescription="Click the '+' to add a new page"
                        fieldLabel="Page Path"
                        fieldSubLabel="Pages you don't want to include in the Fast Seed"
                        name="./pages"
                        xtype="multifield">
                        <fieldConfig
                            jcr:primaryType="cq:Widget"
                            allowBlank="{Boolean}false"
                            width="155"
                            xtype="pathfield"/>
                    </pages>
                </items>
            </exceptions>
            <info
                jcr:primaryType="cq:Panel"
                title="Info Tab">
                <items jcr:primaryType="cq:WidgetCollection">
                    <information
                        jcr:primaryType="cq:Widget"
                        html="&lt;p>&lt;b>&lt;/b>&lt;/p>&#xa;&lt;p>&lt;h1 style=&quot;font-size:1.35em;&quot;>&lt;b>Site Map&lt;/b>&lt;/h1>&lt;/p>&#xa;&lt;p>&lt;/p>&#xa;&lt;p>&lt;h1 style=&quot;font-size:1.2em;&quot;>The Site Map provides a Search Engine crawl friendly inventory of the mobile site pages. It is not intended for use by end users. It’s goal is to ensure proper SEO ranking for the site.&lt;/h1>&lt;/p>&#xa;&lt;p style=&quot;margin-top:1em;&quot;>&lt;b style=&quot;font-size:1.35em;&quot;>Authoring Options&lt;/b>&lt;/p>&#xa;&lt;p>&lt;h1 style=&quot;font-size:1.2em;&quot;>The Site Map page utilizes the Mobile Content template and is implemented using a single Site Map component. The Site Map component allows a content author to designate pages to be excluded from the Site Map page. &lt;/h1>&lt;/p>&#xa;&lt;p>&lt;h1 style=&quot;font-size:1.2em;&quot;>NOTE: This component will be set upon site launch and should not be altered except for very specific SEO changes. &lt;/h1>&lt;/p>"
                        name="./label"
                        xtype="label"/>
                </items>
            </info>
        </items>
    </items>
</jcr:root>
