<?xml version="1.0" encoding="UTF-8"?>
<jcr:root xmlns:cq="http://www.day.com/jcr/cq/1.0" xmlns:jcr="http://www.jcp.org/jcr/1.0"
    jcr:primaryType="cq:Dialog"
    title="HTML Container Component"
    width="100%"
    xtype="dialog">
    <items
        jcr:primaryType="cq:Widget"
        xtype="tabpanel">
        <items jcr:primaryType="cq:WidgetCollection">
            <tab2
                jcr:primaryType="cq:Panel"
                title="Plain Content">
                <items jcr:primaryType="cq:WidgetCollection">
                    <plaincontent
                        jcr:primaryType="cq:Widget"
                        fieldLabel="Plain Text"
                        height="600"
                        name="./plaintext"
                        xtype="textarea"/>
                </items>
            </tab2>
            <metatags
                jcr:primaryType="cq:Panel"
                title="Meta Tags">
                <items jcr:primaryType="cq:WidgetCollection">
                    <filteritems
                        jcr:primaryType="cq:Widget"
                        customMultiFieldName="./externallinks"
                        fieldDescription="Click the '+' to add a new filter item."
                        fieldLabel="Meta Data"
                        maxItems="12"
                        name="./metavalues"
                        xtype="custommultifield">
                        <fieldConfig jcr:primaryType="cq:WidgetCollection">
                            <metaname
                                jcr:primaryType="cq:Widget"
                                allowBlank="{Boolean}false"
                                fieldLabel="Meta Name"
                                name="./metaname"
                                xtype="textfield"/>
                            <metavalue
                                jcr:primaryType="cq:Widget"
                                allowBlank="{Boolean}false"
                                fieldLabel="Meta Value"
                                name="./metavalue"
                                xtype="textfield"/>
                        </fieldConfig>
                    </filteritems>
                </items>
            </metatags>
            <csspath
                jcr:primaryType="cq:Panel"
                title="CSS Path">
                <items jcr:primaryType="cq:WidgetCollection">
                    <filteritems
                        jcr:primaryType="cq:Widget"
                        customMultiFieldName="./csspathlink"
                        fieldDescription="Click the '+' to add a new filter item."
                        fieldLabel="CSS Path"
                        maxItems="12"
                        name="./csspath"
                        xtype="custommultifield">
                        <fieldConfig jcr:primaryType="cq:WidgetCollection">
                            <csspath
                                jcr:primaryType="cq:Widget"
                                allowBlank="{Boolean}false"
                                fieldLabel="CSS Path"
                                name="./csspath"
                                rootPath="/etc/designs/intelmobile"
                                xtype="pathfield"/>
                        </fieldConfig>
                    </filteritems>
                </items>
            </csspath>
            <jspath
                jcr:primaryType="cq:Panel"
                title="JS Path">
                <items jcr:primaryType="cq:WidgetCollection">
                    <filteritems
                        jcr:primaryType="cq:Widget"
                        customMultiFieldName="./jspathlink"
                        fieldDescription="Click the '+' to add a new filter item."
                        fieldLabel="JS Path"
                        maxItems="12"
                        name="./jspath"
                        xtype="custommultifield">
                        <fieldConfig jcr:primaryType="cq:WidgetCollection">
                            <jspath
                                jcr:primaryType="cq:Widget"
                                allowBlank="{Boolean}false"
                                fieldLabel="JS Path"
                                name="./jspath"
                                rootPath="/etc/designs/intelmobile"
                                xtype="pathfield"/>
                        </fieldConfig>
                    </filteritems>
                </items>
            </jspath>
            <info
                jcr:primaryType="cq:Panel"
                title="Info Tab">
                <items jcr:primaryType="cq:WidgetCollection">
                    <information
                        jcr:primaryType="cq:Widget"
                        html="&lt;p>&#xa;&#x9;&lt;b>&lt;/b>&#xa;&lt;/p>&#xa;&lt;p>&#xa;&#x9;&lt;h1 style=&quot;font-size:1.35em;&quot;>&#xa;&#x9;&#x9;&lt;b>HTML Container :&lt;/b>&#xa;&#x9;&lt;/h1>&#xa;&lt;/p>&#xa;&lt;p>&lt;/p>&#xa;&lt;p>&#xa;&#x9;&lt;h1 style=&quot;font-size:1.2em;&quot;>The HTML Container component is designed to give maximum flexibility to build out custom experiences that are not currently supported by the platform’s standard set of templates and components. It is designed to support copy and pasted HTML and CSS code and render that code within the Intel Mobile global Header and Footer. The below sections will provide guidance on coding considerations when designing an experience to be implemented using the HTML container.&lt;/h1>&#xa;&lt;/p>&#xa;&lt;p>&lt;/p>&#xa;&lt;p style=&quot;margin-top:1em;&quot;>&#xa;&#x9;&lt;b style=&quot;font-size:1.35em;&quot;>Authoring options:&lt;/b>&#xa;&lt;/p>&#xa;&lt;p>&#xa;&#x9;&lt;h1 style=&quot;font-size:1.2em;&quot;>When building out a page using the HTML Container component, first create a new page using the “Intel Mobile Content Page. Then drag &amp; drop the HTML Container component into the body of the page.&lt;/h1>&#xa;&lt;/p>&#xa;&lt;p>&#xa;&#x9;&lt;h1 style=&quot;font-size:1.2em;&quot;>&#xa;&#x9;&#x9;&lt;b>NOTE: &lt;/b>&#xa;&#x9;&#x9;When editing HTML/CSS in a HTML Container component, the Author must use the &#xa;&#x9;&#x9;&lt;b>Firefox Browser&lt;/b>&#xa;&#x9;&lt;/h1>&#xa;&lt;/p>&#xa;&lt;p>&#xa;&#x9;&lt;b>&#xa;&#x9;&#x9;&lt;br type=&quot;_moz&quot;>&#xa;&#x9;&lt;/b>&#xa;&lt;/p>&#xa;&lt;table border=&quot;1&quot; cellspacing=&quot;10&quot; cellpadding=&quot;10&quot;>&#xa;&#x9;&lt;tbody>&#xa;&#x9;&#x9;&lt;tr>&#xa;&#x9;&#x9;&#x9;&lt;td width=&quot;151&quot; valign=&quot;top&quot; style=&quot;border:1px solid #ccc;padding:5px; &quot;>&#xa;&#x9;&#x9;&#x9;&#x9;&lt;p>&#xa;&#x9;&#x9;&#x9;&#x9;&#x9;&lt;b>Plain Text&lt;/b>&#xa;&#x9;&#x9;&#x9;&#x9;&lt;/p>&#xa;&#x9;&#x9;&#x9;&lt;/td>&#xa;&#x9;&#x9;&#x9;&lt;td width=&quot;487&quot; valign=&quot;top&quot; style=&quot;border:1px solid #ccc; padding:5px; font-size:1.2em;&quot;>&#xa;&#x9;&#x9;&#x9;&#x9;&lt;p>Copy and paste HTML, CSS, or JavaScript code.&lt;/p>&#xa;&#x9;&#x9;&#x9;&lt;/td>&#xa;&#x9;&#x9;&lt;/tr>&#x9;&#x9;&#xa;&#x9;&lt;/tbody>&#xa;&lt;/table>&#xa;&lt;p>&#xa;&#x9;&lt;br type=&quot;_moz&quot;>&#xa;&lt;/p>&#xa;&lt;p style=&quot;margin-top:1em;&quot;>&#xa;&#x9;&lt;b style=&quot;font-size:1.35em;&quot;>Default CSS and JavaScript Files&lt;/b>&#xa;&lt;/p>&#xa;&lt;p>&#xa;&#x9;&lt;h1 style=&quot;font-size:1.2em;&quot;>As the header and footer are already included in the template (“Intel Mobile Content Page”), the following JS and CSS files will be available by default on the page.&lt;/h1>&#xa;&lt;/p>&#xa;&#xa;&lt;p style=&quot;margin-top:1em;&quot;>&#xa;&#x9;&lt;b style=&quot;font-size:1.35em;&quot;>Default JavaScript included by global footer&lt;/b>&#xa;&lt;/p>&#xa;&lt;p>&#xa;&#x9;&lt;h1 style=&quot;font-size:1.2em;&quot;>/etc/designs/intelmobile/appclientlibs/js/decision/app_wrapper.js&lt;/h1>&#xa;&#x9;&lt;h1 style=&quot;font-size:1.2em;&quot;>/etc/designs/intelmobile/appclientlibs/js/decision/core_metaphors.js&lt;/h1>&#xa;&#x9;&lt;h1 style=&quot;font-size:1.2em;&quot;>/etc/designs/intelmobile/appclientlibs/js/decision/spec_shuffle.js&lt;/h1>&#xa;&#x9;&lt;h1 style=&quot;font-size:1.2em;&quot;>/etc/designs/intelmobile/appclientlibs/js/decision/meet_ultrabook.js&lt;/h1>&#xa;&#x9;&lt;h1 style=&quot;font-size:1.2em;&quot;>/etc/designs/intelmobile/appclientlibs/js/decision/iscroll.js&lt;/h1>&#xa;&#x9;&lt;h1 style=&quot;font-size:1.2em;&quot;>/etc/designs/intelmobile/appclientlibs/js/helper.js&lt;/h1>&#xa;&#x9;&lt;h1 style=&quot;font-size:1.2em;&quot;>/etc/designs/intelmobile/appclientlibs/js/articlelanding.js&lt;/h1>&#xa;&#x9;&lt;h1 style=&quot;font-size:1.2em;&quot;>/etc/designs/intelmobile/appclientlibs/js/sitesearch.js&lt;/h1>&#xa;&#x9;&lt;h1 style=&quot;font-size:1.2em;&quot;>http://w.sharethis.com/button/buttons.js&lt;/h1>&#xa;&#x9;&lt;h1 style=&quot;font-size:1.2em;&quot;>/etc/designs/intelmobile/appclientlibs/js/plugins.js&lt;/h1>&#xa;&#x9;&lt;h1 style=&quot;font-size:1.2em;&quot;>/etc/designs/intelmobile/appclientlibs/js/example-controller.js&lt;/h1>&#xa;&lt;/p>&#xa;&lt;p>&#xa;&#x9;&lt;b>&#xa;&#x9;&#x9;&lt;br type=&quot;_moz&quot;>&#xa;&#x9;&lt;/b>&#xa;&lt;/p>&#xa;&lt;p style=&quot;margin-top:1em;&quot;>&#xa;&#x9;&lt;b style=&quot;font-size:1.35em;&quot;>Default JavaScript included by global header&lt;/b>&#xa;&lt;/p>&#xa;&lt;p>&#xa;&#x9;&lt;h1 style=&quot;font-size:1.2em;&quot;>/etc/designs/intelmobile/appclientlibs/js/libs/modernizr-2.0.6.min.js&lt;/h1>&#xa;&#x9;&lt;h1 style=&quot;font-size:1.2em;&quot;>/etc/designs/intelmobile/appclientlibs/js/libs/jquery/jquery-1.7.2.min.js&lt;/h1>&#x9;&#xa;&lt;/p>&#xa;&lt;p>&#xa;&#x9;&lt;b>&#xa;&#x9;&#x9;&lt;br type=&quot;_moz&quot;>&#xa;&#x9;&lt;/b>&#xa;&lt;/p>&#xa;&lt;p>&#xa;&#x9;&lt;h1 style=&quot;font-size:1.2em;&quot;>Note: To see the actual JS , add m.intel.com as prefix to the following src path.&lt;/h1>&#xa;&#x9;&lt;h1 style=&quot;font-size:1.2em;&quot;>Example : http://m.intel.com/etc/designs/intelmobile/appclientlibs/js/example-controller.js &lt;/h1>&#x9;&#xa;&lt;/p>&#xa;&lt;p>&#xa;&#x9;&lt;b>&#xa;&#x9;&#x9;&lt;br type=&quot;_moz&quot;>&#xa;&#x9;&lt;/b>&#xa;&lt;/p>&#xa;&lt;p style=&quot;margin-top:1em;&quot;>&#xa;&#x9;&lt;b style=&quot;font-size:1.35em;&quot;>Default CSS&lt;/b>&#xa;&lt;/p>&#xa;&lt;p>&#xa;&#x9;&lt;h1 style=&quot;font-size:1.2em;&quot;>http://m.intel.com/etc/designs/intelmobile/static.css&lt;/h1>&#xa;&lt;/p>&#xa;&lt;p>&#xa;&#x9;&lt;b>&#xa;&#x9;&#x9;&lt;br type=&quot;_moz&quot;>&#xa;&#x9;&lt;/b>&#xa;&lt;/p>&#xa;&lt;p>&#xa;&#x9;&lt;h1 style=&quot;font-size:1.2em;&quot;>If the author needs to add any custom css, this may be added to the /etc/designs/intelmobile/static.css file or written the inline in the HTML Container component.&lt;/h1>&#xa;&lt;/p>&#xa;&lt;p>&#xa;&#x9;&lt;b>&#xa;&#x9;&#x9;&lt;br type=&quot;_moz&quot;>&#xa;&#x9;&lt;/b>&#xa;&lt;/p>&#xa;&lt;p>&#xa;&#x9;&lt;h1 style=&quot;font-size:1.2em;&quot;>NOTE: For custom one off experiences, it is recommended that styles are included inline within the HTML Container component&lt;/h1>&#xa;&lt;/p>&#xa;&lt;p>&#xa;&#x9;&lt;b>&#xa;&#x9;&#x9;&lt;br type=&quot;_moz&quot;>&#xa;&#x9;&lt;/b>&#xa;&lt;/p>&#xa;&lt;p>&#xa;&#x9;&lt;h1 style=&quot;font-size:1.2em;&quot;>If the author needs to add any custom Javascript then it may be added at “/etc/designs/intelmobile/appclientlibs/js” and then include the JS file in the HTML Container component. The other option is to write inline JS in the HTML Container inside  a &quot;script&quot; tag.&lt;/h1>&#xa;&lt;/p>&#xa;&lt;p>&#xa;&#x9;&lt;b>&#xa;&#x9;&#x9;&lt;br type=&quot;_moz&quot;>&#xa;&#x9;&lt;/b>&#xa;&lt;/p>&#xa;&lt;p>&#xa;&#x9;&lt;h1 style=&quot;font-size:1.2em;&quot;>NOTE: For custom one off experiences, it is recommended that JS is included within a &quot;script&quot; tag in the HTML Container component&lt;/h1>&#xa;&lt;/p>&#xa;&lt;p>&#xa;&#x9;&lt;b>&#xa;&#x9;&#x9;&lt;br type=&quot;_moz&quot;>&#xa;&#x9;&lt;/b>&#xa;&lt;/p>&#xa;&lt;p>&#xa;&#x9;&lt;b>&#xa;&#x9;&#x9;&lt;br type=&quot;_moz&quot;>&#xa;&#x9;&lt;/b>&#xa;&lt;/p>"
                        name="./label"
                        xtype="label"/>
                </items>
            </info>
        </items>
    </items>
</jcr:root>
