<?xml version="1.0" encoding="UTF-8"?>
<jcr:root xmlns:cq="http://www.day.com/jcr/cq/1.0" xmlns:jcr="http://www.jcp.org/jcr/1.0" xmlns:nt="http://www.jcp.org/jcr/nt/1.0"
    jcr:primaryType="cq:Dialog"
    title="Socialmedia Diaplay"
    width="100%"
    xtype="dialog">
    <items jcr:primaryType="cq:TabPanel">
        <items jcr:primaryType="cq:WidgetCollection">
            <tab1
                jcr:primaryType="cq:Panel"
                title="Display Option">
                <items jcr:primaryType="cq:WidgetCollection">
                    <showfacebook
                        jcr:primaryType="nt:unstructured"
                        checked="{Boolean}true"
                        deafultValue="false"
                        fieldLabel="Show Facebook"
                        name="./showfacebook"
                        type="checkbox"
                        xtype="selection"/>
                    <showtweeter
                        jcr:primaryType="nt:unstructured"
                        checked="{Boolean}true"
                        fieldLabel="Show Tweeter"
                        name="./showtweeter"
                        type="checkbox"
                        xtype="selection"/>
                    <showshare
                        jcr:primaryType="nt:unstructured"
                        checked="{Boolean}true"
                        fieldLabel="Show Share"
                        name="./showshare"
                        type="checkbox"
                        xtype="selection"/>
                </items>
            </tab1>
            <info
                jcr:primaryType="cq:Panel"
                title="Info Tab">
                <items jcr:primaryType="cq:WidgetCollection">
                    <information
                        jcr:primaryType="cq:Widget"
                        html="&lt;p>&lt;b>&lt;/b>&lt;/p>&#xa;&lt;p>&lt;h1 style=&quot;font-size:1.35em;&quot;>&lt;b>Social Media Component:&lt;/b>&lt;/h1>&lt;/p>&#xa;&lt;p>&lt;/p>&#xa;&lt;p>&lt;h1 style=&quot;font-size:1.2em;&quot;>The Social Media component allows a content author to include social media icons on any page.   &lt;/h1>&lt;/p>&#xa;&lt;p style=&quot;margin-top:1em;&quot;>&lt;b style=&quot;font-size:1.35em;&quot;>Authoring options:&lt;/b>&lt;/p>&#xa;&lt;p style=&quot;margin-top:1em;&quot;>&lt;h1 style=&quot;font-size:1.2em;&quot;>The Social Media Component author dialog has only one tab – ‘Display Option’. Content Author can select the social options to be displayed using the checkboxes.&lt;/h1>&lt;/p>&#xa;&lt;p style=&quot;margin-top:1em;&quot;>&lt;h1 style=&quot;font-size:1.2em;&quot;>•Show Facebook&lt;/h1>&lt;/p>&#xa;&lt;p style=&quot;margin-top:1em;&quot;>&lt;h1 style=&quot;font-size:1.2em;&quot;>•Show Tweeter&lt;/h1>&lt;/p>&#xa;&lt;p style=&quot;margin-top:1em;&quot;>&lt;h1 style=&quot;font-size:1.2em;&quot;>•Show Share&lt;/h1>&lt;/p>"
                        name="./label"
                        xtype="label"/>
                </items>
            </info>
        </items>
    </items>
</jcr:root>
