<?xml version="1.0" encoding="UTF-8"?>
<jcr:root xmlns:sling="http://sling.apache.org/jcr/sling/1.0" xmlns:cq="http://www.day.com/jcr/cq/1.0" xmlns:jcr="http://www.jcp.org/jcr/1.0" xmlns:nt="http://www.jcp.org/jcr/nt/1.0"
    jcr:primaryType="cq:Dialog"
    title="Promotion Link Component"
    width="100%"
    xtype="dialog">
    <items
        jcr:primaryType="cq:Widget"
        xtype="tabpanel">
        <items jcr:primaryType="cq:WidgetCollection">
            <tab1
                jcr:primaryType="cq:Panel"
                title="Config">
                <items jcr:primaryType="cq:WidgetCollection">
                    <title
                        jcr:primaryType="cq:Widget"
                        fieldLabel="Title"
                        name="./title"
                        xtype="textfield"/>
                    <description
                        jcr:primaryType="nt:unstructured"
                        fieldLabel="Description"
                        grow="true"
                        name="./description"
                        validateOnBlur="true"
                        xtype="richtext">
                        <rtePlugins jcr:primaryType="nt:unstructured">
                            <styles
                                jcr:primaryType="nt:unstructured"
                                features="*"/>
                            <paraformat
                                jcr:primaryType="nt:unstructured"
                                features="*"/>
                            <subsuperscript
                                jcr:primaryType="nt:unstructured"
                                features="*"/>
                            <misctools
                                jcr:primaryType="nt:unstructured"
                                features="*"/>
                            <lists
                                jcr:primaryType="nt:unstructured"
                                features="*"/>
                            <image
                                jcr:primaryType="nt:unstructured"
                                features="*"/>
                        </rtePlugins>
                    </description>
                    <linkdisplayCopy
                        jcr:primaryType="cq:Widget"
                        fieldLabel="Link Copy"
                        name="./linkdisplayCopy"
                        xtype="textfield"/>
                    <linkUrl
                        jcr:primaryType="cq:Widget"
                        editable="{Boolean}true"
                        fieldLabel="Link Url"
                        name="./linkUrl"
                        predicate="hierarchy"
                        xtype="pathfield"/>
                    <sameornewwindow
                        jcr:primaryType="cq:Widget"
                        allowBlank="{Boolean}true"
                        defaultValue="no"
                        fieldLabel="Open in new window"
                        name="./newwindow"
                        type="select"
                        value="no"
                        width="20"
                        xtype="selection">
                        <options jcr:primaryType="cq:WidgetCollection">
                            <no
                                jcr:primaryType="nt:unstructured"
                                text="No"
                                value="no"/>
                            <yes
                                jcr:primaryType="nt:unstructured"
                                text="Yes"
                                value="yes"/>
                        </options>
                    </sameornewwindow>
                </items>
            </tab1>
            <tab2
                jcr:primaryType="cq:Widget"
                sling:resourceType="foundation/components/image"
                allowBlank="{Boolean}false"
                ddGroups="[media]"
                fileNameParameter="./imageFileName"
                fileReferenceParameter="./imageFileReference"
                id="imagefield"
                name="./spotlightImage"
                title="Image"
                validateOnSubmitOnly="{Boolean}true"
                xtype="smartimage"/>
            <info
                jcr:primaryType="cq:Panel"
                title="Info Tab">
                <items jcr:primaryType="cq:WidgetCollection">
                    <information
                        jcr:primaryType="cq:Widget"
                        html="&lt;p>&lt;b>&lt;/b>&lt;/p>&#xa;&lt;p>&lt;h1 style=&quot;font-size:1.35em;&quot;>&lt;b>Promotion Link Component&lt;/b>&lt;/h1>&lt;/p>&#xa;&lt;p>&lt;/p>&#xa;&lt;p>&lt;h1 style=&quot;font-size:1.2em;&quot;>The Promotion Link component is used to display the promotion listings in the landing page. Content author can set up an image and a short description about the offer. Author can also define a link to the promotion details page (OEM Promotion page). &lt;/h1>&lt;/p>&#xa;&lt;p style=&quot;margin-top:1em;&quot;>&lt;b style=&quot;font-size:1.35em;&quot;>Authoring options:&lt;/b>&lt;/p>&#xa;&lt;p style=&quot;margin-top:1em;&quot;>&lt;h1 style=&quot;font-size:1.2em;&quot;>On the Promotion Landing page, drag and drop the Promotion link component from the sidekick. Select the promotion landing hero component, right click, and select Edit. This will launch the Author Dialog.  &lt;/h1>&lt;/p>&#xa;&lt;p style=&quot;margin-top:1em;&quot;>&lt;h1 style=&quot;font-size:1.2em;&quot;>The component has two tabs:  &lt;/h1>&lt;/p>&#xa;&lt;p style=&quot;margin-top:1em;&quot;>&lt;h1 style=&quot;font-size:1.2em;&quot;>•Config &lt;/h1>&lt;/p>&#xa;&lt;p style=&quot;margin-top:1em;&quot;>&lt;h1 style=&quot;font-size:1.2em;&quot;>•Hero Image  &lt;/h1>&lt;/p>&#xa;&lt;p style=&quot;margin-top:1em;&quot;>&lt;b style=&quot;font-size:1.35em;&quot;>Config Details&lt;/b>&lt;/p>&#xa;&lt;p style=&quot;margin-top:1em;&quot;>&#xa;&lt;table border=&quot;1&quot; cellspacing=&quot;10&quot; cellpadding=&quot;10&quot;>&#xa;&lt;tbody>&lt;tr>&lt;td width=&quot;151&quot; valign=&quot;top&quot; style=&quot;border:1px solid #ccc;padding:5px; &quot;>&lt;p>&lt;b>Title&lt;/b>&lt;/p>&#xa;&lt;/td>&#xa;&lt;td width=&quot;487&quot; valign=&quot;top&quot; style=&quot;border:1px solid #ccc; padding:5px; font-size:1.2em;&quot;>&lt;p>This defines the Title to be displayed for a particular promotion or offer  &lt;/p>&#xa;&lt;/td>&#xa;&lt;/tr>&lt;tr>&lt;td width=&quot;151&quot; valign=&quot;top&quot; style=&quot;border:1px solid #ccc ;padding:5px;&quot;>&lt;p>&lt;b>Description&lt;/b>&lt;/p>&#xa;&lt;/td>&#xa;&lt;td width=&quot;487&quot; valign=&quot;top&quot; style=&quot;border:1px solid #ccc ;padding:5px; font-size:1.2em;&quot;>&lt;p>This contains a short description about the promotion. The description can contain HTML and can be edited using the Rich text editor.&lt;/p>&#xa;&lt;/td>&#xa;&lt;/tr>&lt;tr>&lt;td width=&quot;151&quot; valign=&quot;top&quot; style=&quot;border:1px solid #ccc ;padding:5px;&quot;>&lt;p>&lt;b>Link Copy&lt;/b>&lt;/p>&#xa;&lt;/td>&#xa;&lt;td width=&quot;487&quot; valign=&quot;top&quot; style=&quot;border:1px solid #ccc ;padding:5px; font-size:1.2em;&quot;>&lt;p>This is the copy displayed for any call to action link included with the promotion. NOTE: the call to action copy should end with a “>” to identify it as a link.&lt;/p>&#xa;&lt;/td>&#xa;&lt;/tr>&lt;tr>&lt;td width=&quot;151&quot; valign=&quot;top&quot; style=&quot;border:1px solid #ccc ;padding:5px;&quot;>&lt;p>&lt;b>Link Url&lt;/b>&lt;/p>&#xa;&lt;/td>&#xa;&lt;td width=&quot;487&quot; valign=&quot;top&quot; style=&quot;border:1px solid #ccc ;padding:5px; font-size:1.2em;&quot;>&lt;p>This is the page to which the link will point&lt;/p>&#xa;&lt;/td>&#xa;&lt;/tr>&lt;tr>&lt;td width=&quot;151&quot; valign=&quot;top&quot; style=&quot;border:1px solid #ccc ;padding:5px;&quot;>&lt;p>&lt;b>Open in new window&lt;/b>&lt;/p>&#xa;&lt;/td>&#xa;&lt;td width=&quot;487&quot; valign=&quot;top&quot; style=&quot;border:1px solid #ccc ;padding:5px; font-size:1.2em;&quot;>&lt;p>This decides whether the link opens in the same browser tab/window or as a new tab/window.&#xa;Select Yes if link is an external site Url&#xa;Select No if link is internal&#xa;&lt;/p>&#xa;&lt;/td>&#xa;&lt;/tr>&lt;/tbody>&lt;/table>&lt;/p>&#xa;&lt;p style=&quot;margin-top:1em;&quot;>&lt;b style=&quot;font-size:1.35em;&quot;>Image&lt;/b>&lt;/p>&#xa;&lt;p style=&quot;margin-top:1em;&quot;>&#xa;&lt;table border=&quot;1&quot; cellspacing=&quot;10&quot; cellpadding=&quot;10&quot;>&#xa;&lt;tbody>&lt;tr>&lt;td width=&quot;151&quot; valign=&quot;top&quot; style=&quot;border:1px solid #ccc;padding:5px; &quot;>&lt;p>&lt;b>Image&lt;/b>&lt;/p>&#xa;&lt;/td>&#xa;&lt;td width=&quot;487&quot; valign=&quot;top&quot; style=&quot;border:1px solid #ccc; padding:5px; font-size:1.2em;&quot;>&lt;p>Drag and drop the image to be used in the promotion link&#xa;Image Sizing options: 102 X 102 px and Suggested max size – 3 KB&#xa;&lt;/p>&#xa;&lt;/td>&#xa;&lt;/tr>&lt;/tbody>&lt;/table>&lt;/p>&#xa;&#xa;&#xa;&#xa;&#xa;&#xa;&#xa;&#xa;&#xa;&#xa;&#xa;&#xa;&#xa;&#xa;&#xa;&#xa;&#xa;&#xa;&#xa;&#xa;&#xa;"
                        name="./label"
                        xtype="label"/>
                </items>
            </info>
        </items>
    </items>
    <listeners
        jcr:primaryType="nt:unstructured"
        beforesubmit="function(dialog){ return IntelUtils.checkImageSizeOfSingleImage(dialog,'./spotlightImage',102,102);}"/>
</jcr:root>
