<?xml version="1.0" encoding="UTF-8"?>
<jcr:root xmlns:cq="http://www.day.com/jcr/cq/1.0" xmlns:jcr="http://www.jcp.org/jcr/1.0" xmlns:nt="http://www.jcp.org/jcr/nt/1.0"
    jcr:primaryType="cq:Dialog"
    title="Sort Filter Component"
    width="100%"
    xtype="dialog">
    <items
        jcr:primaryType="cq:Widget"
        xtype="tabpanel">
        <items jcr:primaryType="cq:WidgetCollection">
            <config
                jcr:primaryType="cq:Panel"
                title="Configuration">
                <items jcr:primaryType="cq:WidgetCollection">
                    <showhide
                        jcr:primaryType="cq:Widget"
                        defaultValue="showboth"
                        fieldDescription="Show/Hide FIlter and Sort options for this page."
                        fieldLabel="Filter/Sort Option"
                        name="./showhide"
                        type="select"
                        xtype="selection">
                        <options jcr:primaryType="cq:WidgetCollection">
                            <showboth
                                jcr:primaryType="nt:unstructured"
                                text="Show Filter and Sort"
                                value="showboth"/>
                            <showfilter
                                jcr:primaryType="nt:unstructured"
                                text="Show Filter only"
                                value="showfilter"/>
                            <showsort
                                jcr:primaryType="nt:unstructured"
                                text="Show Sort only"
                                value="showsort"/>
                            <shownone
                                jcr:primaryType="nt:unstructured"
                                text="Hide Filter and Sort"
                                value="shownone"/>
                        </options>
                    </showhide>
                </items>
            </config>
            <info
                jcr:primaryType="cq:Panel"
                title="Info Tab">
                <items jcr:primaryType="cq:WidgetCollection">
                    <information
                        jcr:primaryType="cq:Widget"
                        html="&lt;p> &lt;b>&lt;/b> &lt;/p>&#xa;&lt;p> &#xa;&#x9;&lt;h1 style=&quot;font-size:1.35em;&quot;> &#xa;&#x9;&#x9;&lt;b>Sort &amp; Filter Configuration&lt;/b> &#xa;&#x9;&lt;/h1> &#xa;&lt;/p> &#xa;&lt;p>&lt;/p>&#xa;&lt;p> &#xa;&#x9;&lt;h1 style=&quot;font-size:1.2em;&quot;>The Sort &amp; Filter Configuration author dialog may be launched by highlighting the Sort control at the top of the component, right clicking, and selecting Edit.&lt;/h1>&#xa;&lt;/p>&#xa;&lt;p> &#xa;&#x9;&lt;b> &#xa;&#x9;&#x9;&lt;br type=&quot;_moz&quot;> &#xa;&#x9;&lt;/b> &#xa;&lt;/p>&#xa;&lt;table border=&quot;1&quot; cellspacing=&quot;10&quot; cellpadding=&quot;10&quot;> &#xa;&#x9;&lt;tbody> &#xa;&#x9;&#x9;&lt;tr> &#xa;&#x9;&#x9;&#x9;&lt;td width=&quot;151&quot; valign=&quot;top&quot; style=&quot;border:1px solid #ccc;padding:5px; &quot;> &#xa;&#x9;&#x9;&#x9;&#x9;&lt;p> &#xa;&#x9;&#x9;&#x9;&#x9;&#x9;&lt;b>Filter/Sort Option&lt;/b> &#xa;&#x9;&#x9;&#x9;&#x9;&lt;/p> &#xa;&#x9;&#x9;&#x9;&lt;/td> &#xa;&#x9;&#x9;&#x9;&lt;td width=&quot;487&quot; valign=&quot;top&quot; style=&quot;border:1px solid #ccc; padding:5px; font-size:1.2em;&quot;> &#xa;&#x9;&#x9;&#x9;&#x9;&lt;p>This dropdown allows the content author to define what Sort/Filter options will appear on the page. The available options are&lt;/br>&#xa;&#x9;&#x9;&#x9;&#x9;&#x9;•&#x9;Show Filter and Sort&lt;/br>&#xa;&#x9;&#x9;&#x9;&#x9;&#x9;•&#x9;Show Filter only&lt;/br>&#xa;&#x9;&#x9;&#x9;&#x9;&#x9;•&#x9;Show Sort only&lt;/br>&#xa;&#x9;&#x9;&#x9;&#x9;&#x9;•&#x9;Hide Filter and Sort&lt;/br>&#xa;&#x9;&#x9;&#x9;&#x9;&#x9;&#xa;&#x9;&#x9;&#x9;&#x9;&#x9;NOTE: &lt;/br>&#xa;&#x9;&#x9;&#x9;&#x9;&#x9;1.&#x9;For Site Search this should be set to “Show Sort only”&#xa;&#xa;&#x9;&#x9;&#x9;&#x9;&lt;/p>&#xa;&#x9;&#x9;&#x9;&lt;/td> &#xa;&#x9;&#x9;&lt;/tr>&#xa;&#x9;&lt;/tbody> &#xa;&lt;/table>"
                        name="./label"
                        xtype="label"/>
                </items>
            </info>
        </items>
    </items>
</jcr:root>
