<?xml version="1.0" encoding="UTF-8"?>
<jcr:root xmlns:cq="http://www.day.com/jcr/cq/1.0" xmlns:jcr="http://www.jcp.org/jcr/1.0" xmlns:nt="http://www.jcp.org/jcr/nt/1.0"
    jcr:primaryType="cq:Dialog"
    title="Article Details Hero Component"
    width="100%"
    xtype="dialog">
    <items
        jcr:primaryType="cq:Widget"
        xtype="tabpanel">
        <items jcr:primaryType="cq:WidgetCollection">
            <tab1
                jcr:primaryType="cq:Panel"
                title="Section Details">
                <items jcr:primaryType="cq:WidgetCollection">
                    <imagedetail
                        jcr:primaryType="cq:Widget"
                        collapsed="{Boolean}false"
                        collapsible="{Boolean}false"
                        xtype="dialogfieldset">
                        <items jcr:primaryType="cq:WidgetCollection">
                            <imagealt
                                jcr:primaryType="cq:Widget"
                                fieldLabel="Image alt text"
                                name="./alttext"
                                xtype="textfield"/>
                            <displaysocial
                                jcr:primaryType="cq:Widget"
                                allowBlank="{Boolean}true"
                                defaultValue="yes"
                                fieldLabel="Display Social"
                                name="./displaysocial"
                                type="select"
                                value="no"
                                width="20"
                                xtype="selection">
                                <options jcr:primaryType="cq:WidgetCollection">
                                    <no
                                        jcr:primaryType="nt:unstructured"
                                        text="No"
                                        value="no"/>
                                    <yes
                                        jcr:primaryType="nt:unstructured"
                                        text="Yes"
                                        value="yes"/>
                                </options>
                            </displaysocial>
                        </items>
                    </imagedetail>
                    <contentsection
                        jcr:primaryType="cq:Widget"
                        collapsed="{Boolean}true"
                        collapsible="{Boolean}true"
                        title="Content Section"
                        xtype="dialogfieldset">
                        <items jcr:primaryType="cq:WidgetCollection">
                            <sectiontitle
                                jcr:primaryType="cq:Widget"
                                fieldLabel="Title"
                                name="./sectiontitle"
                                xtype="textfield"/>
                            <description
                                jcr:primaryType="cq:Widget"
                                boxMaxHeight="200"
                                boxMaxWidth="500"
                                fieldLabel="Description"
                                name="./description"
                                validateOnBlur="true"
                                xtype="richtext">
                                <rtePlugins jcr:primaryType="nt:unstructured">
                                    <styles
                                        jcr:primaryType="nt:unstructured"
                                        features="*"/>
                                    <paraformat
                                        jcr:primaryType="nt:unstructured"
                                        features="*"/>
                                    <subsuperscript
                                        jcr:primaryType="nt:unstructured"
                                        features="*"/>
                                    <misctools
                                        jcr:primaryType="nt:unstructured"
                                        features="*"/>
                                    <lists
                                        jcr:primaryType="nt:unstructured"
                                        features="*"/>
                                    <image
                                        jcr:primaryType="nt:unstructured"
                                        features="*"/>
                                </rtePlugins>
                            </description>
                        </items>
                    </contentsection>
                    <linksection
                        jcr:primaryType="cq:Widget"
                        collapsed="{Boolean}true"
                        collapsible="{Boolean}true"
                        title="Link Section"
                        xtype="dialogfieldset">
                        <items jcr:primaryType="cq:WidgetCollection">
                            <linkurl
                                jcr:primaryType="cq:Widget"
                                editable="{Boolean}true"
                                fieldLabel="Link URL"
                                name="./linkurl"
                                predicate="hierarchy"
                                rootPath="/content"
                                xtype="pathfield"/>
                            <linklabel
                                jcr:primaryType="cq:Widget"
                                fieldLabel="Link Label"
                                name="./linklabel"
                                xtype="textfield"/>
                            <sameornewwindow
                                jcr:primaryType="cq:Widget"
                                allowBlank="{Boolean}false"
                                defaultValue="no"
                                fieldLabel="New Window"
                                name="./newwindow"
                                type="select"
                                value="no"
                                width="20"
                                xtype="selection">
                                <options jcr:primaryType="cq:WidgetCollection">
                                    <no
                                        jcr:primaryType="nt:unstructured"
                                        text="No"
                                        value="no"/>
                                    <yes
                                        jcr:primaryType="nt:unstructured"
                                        text="Yes"
                                        value="yes"/>
                                </options>
                            </sameornewwindow>
                        </items>
                    </linksection>
                    <downloadsection
                        jcr:primaryType="cq:Widget"
                        collapsed="{Boolean}true"
                        collapsible="{Boolean}true"
                        title="Download Section"
                        xtype="dialogfieldset">
                        <items jcr:primaryType="cq:WidgetCollection">
                            <downloadlink
                                jcr:primaryType="cq:Widget"
                                editable="{Boolean}true"
                                fieldLabel="Browse PDF"
                                name="./downloadURL"
                                predicate="hierarchy"
                                rootPath="/content/dam"
                                xtype="pathfield"/>
                            <downlaodlabel
                                jcr:primaryType="cq:Widget"
                                fieldLabel="Download Label"
                                name="./downloadtitle"
                                xtype="textfield"/>
                        </items>
                    </downloadsection>
                </items>
            </tab1>
            <heroimage
                jcr:primaryType="cq:Widget"
                allowUpload="{Boolean}false"
                ddGroups="[media]"
                fileNameParameter="./imageFileName"
                fileReferenceParameter="./imagePath"
                id="imagefield"
                name="./contentImage"
                title="Image1"
                xtype="smartimage"/>
            <heroimage2
                jcr:primaryType="cq:Widget"
                allowUpload="{Boolean}false"
                ddGroups="[media]"
                fileNameParameter="./imageFileName2"
                fileReferenceParameter="./imagePath2"
                name="./contentImage2"
                title="Image2"
                xtype="smartimage"/>
            <heroimage3
                jcr:primaryType="cq:Widget"
                allowUpload="{Boolean}false"
                ddGroups="[media]"
                fileNameParameter="./imageFileName3"
                fileReferenceParameter="./imagePath3"
                name="./contentImage3"
                title="Image3"
                xtype="smartimage"/>
            <heroimage4
                jcr:primaryType="cq:Widget"
                allowUpload="{Boolean}false"
                ddGroups="[media]"
                fileNameParameter="./imageFileName4"
                fileReferenceParameter="./imagePath4"
                name="./contentImage4"
                title="Image4"
                xtype="smartimage"/>
            <heroimage5
                jcr:primaryType="cq:Widget"
                allowUpload="{Boolean}false"
                ddGroups="[media]"
                fileNameParameter="./imageFileName5"
                fileReferenceParameter="./imagePath5"
                name="./contentImage5"
                title="Image5"
                xtype="smartimage"/>
            <heroimage6
                jcr:primaryType="cq:Widget"
                allowUpload="{Boolean}false"
                ddGroups="[media]"
                fileNameParameter="./imageFileName6"
                fileReferenceParameter="./imagePath6"
                name="./contentImage6"
                title="Image6"
                xtype="smartimage"/>
            <info
                jcr:primaryType="cq:Panel"
                title="Info Tab">
                <items jcr:primaryType="cq:WidgetCollection">
                    <information
                        jcr:primaryType="cq:Widget"
                        html="&lt;p>&#xa;&#x9;&lt;b>&lt;/b>&#xa;&lt;/p>&#xa;&lt;p>&#xa;&#x9;&lt;h1 style=&quot;font-size:1.35em;&quot;>&#xa;&#x9;&#x9;&lt;b>Article Details Hero :&lt;/b>&#xa;&#x9;&lt;/h1>&#xa;&lt;/p>&#xa;&lt;p>&lt;/p>&#xa;&lt;p>&#xa;&#x9;&lt;h1 style=&quot;font-size:1.2em;&quot;>The Article Details Hero component is intended to be used at the top of all Article pages. It serves and the Hero space content item to introduce the page’s content. It also includes the required social media sharing features.&lt;/h1>&#xa;&lt;/p>&#xa;&lt;p>&lt;/p>&#xa;&lt;p style=&quot;margin-top:1em;&quot;>&#xa;&#x9;&lt;b style=&quot;font-size:1.35em;&quot;>Authoring options:&lt;/b>&#xa;&lt;/p>&#xa;&lt;p>&#xa;&#x9;&lt;h1 style=&quot;font-size:1.2em;&quot;>The Article Details Hero component allows a content author to define a hero space image as well as include a content heading and summary, an internal or external link, and a download link for a digitally hosted PDF.&lt;/h1>&#xa;&lt;/p>&#xa;&lt;p>&#xa;&#x9;&lt;b>&#xa;&#x9;&#x9;&lt;br type=&quot;_moz&quot;>&#xa;&#x9;&lt;/b>&#xa;&lt;/p>&#xa;&lt;table border=&quot;1&quot; cellspacing=&quot;10&quot; cellpadding=&quot;10&quot;>&#xa;&#x9;&lt;tbody>&#xa;&#x9;&#x9;&lt;tr>&#xa;&#x9;&#x9;&#x9;&lt;td width=&quot;151&quot; valign=&quot;top&quot; style=&quot;border:1px solid #ccc;padding:5px; &quot;>&#xa;&#x9;&#x9;&#x9;&#x9;&lt;p>&#xa;&#x9;&#x9;&#x9;&#x9;&#x9;&lt;b>Image alt text&lt;/b>&#xa;&#x9;&#x9;&#x9;&#x9;&lt;/p>&#xa;&#x9;&#x9;&#x9;&lt;/td>&#xa;&#x9;&#x9;&#x9;&lt;td width=&quot;487&quot; valign=&quot;top&quot; style=&quot;border:1px solid #ccc; padding:5px; font-size:1.2em;&quot;>&#xa;&#x9;&#x9;&#x9;&#x9;&lt;p>Alt Text used for the Hero Image. This is important for accessibility and SEO&lt;/p>&#xa;&#x9;&#x9;&#x9;&lt;/td>&#xa;&#x9;&#x9;&lt;/tr>&#xa;&#x9;&#x9;&lt;tr>&#xa;&#x9;&#x9;&#x9;&lt;td width=&quot;151&quot; valign=&quot;top&quot; style=&quot;border:1px solid #ccc ;padding:5px;&quot;>&#xa;&#x9;&#x9;&#x9;&#x9;&lt;p>&#xa;&#x9;&#x9;&#x9;&#x9;&#x9;&lt;b>Display Social&lt;/b>&#xa;&#x9;&#x9;&#x9;&#x9;&lt;/p>&#xa;&#x9;&#x9;&#x9;&lt;/td>&#xa;&#x9;&#x9;&#x9;&lt;td width=&quot;487&quot; valign=&quot;top&quot; style=&quot;border:1px solid #ccc ;padding:5px; font-size:1.2em;&quot;>&#xa;&#x9;&#x9;&#x9;&#x9;&lt;p>Toggle Social Media share links On/Off. All sites and pages should have these set to ON except for extenuating circumstances&lt;/p>&#xa;&#x9;&#x9;&#x9;&lt;/td>&#xa;&#x9;&#x9;&lt;/tr>&#xa;&#x9;&#x9;&lt;tr>&#xa;&#x9;&#x9;&#x9;&lt;td width=&quot;151&quot; valign=&quot;top&quot; style=&quot;border:1px solid #ccc ;padding:5px;&quot;>&#xa;&#x9;&#x9;&#x9;&#x9;&lt;p>&#xa;&#x9;&#x9;&#x9;&#x9;&#x9;&lt;b>Title&lt;/b>&#xa;&#x9;&#x9;&#x9;&#x9;&lt;/p>&#xa;&#x9;&#x9;&#x9;&lt;/td>&#xa;&#x9;&#x9;&#x9;&lt;td width=&quot;487&quot; valign=&quot;top&quot; style=&quot;border:1px solid #ccc ;padding:5px; font-size:1.2em;&quot;>&#xa;&#x9;&#x9;&#x9;&#x9;&lt;p>Appears as the section heading under the hero image at the top of the white space content area&lt;/p>&#xa;&#x9;&#x9;&#x9;&lt;/td>&#xa;&#x9;&#x9;&lt;/tr>&#xa;&#x9;&#x9;&lt;tr>&#xa;&#x9;&#x9;&#x9;&lt;td width=&quot;151&quot; valign=&quot;top&quot; style=&quot;border:1px solid #ccc ;padding:5px;&quot;>&#xa;&#x9;&#x9;&#x9;&#x9;&lt;p>&#xa;&#x9;&#x9;&#x9;&#x9;&#x9;&lt;b>Title Description&lt;/b>&#xa;&#x9;&#x9;&#x9;&#x9;&lt;/p>&#xa;&#x9;&#x9;&#x9;&lt;/td>&#xa;&#x9;&#x9;&#x9;&lt;td width=&quot;487&quot; valign=&quot;top&quot; style=&quot;border:1px solid #ccc ;padding:5px;font-size:1.2em;&quot;>&#xa;&#x9;&#x9;&#x9;&#x9;&lt;p>Description copy which appears in the white space body of the component&#xa;&#x9;&#x9;&#x9;&#x9;&#x9;&lt;b>&lt;/b>&#xa;&#x9;&#x9;&#x9;&#x9;&lt;/p>&#xa;&#x9;&#x9;&#x9;&lt;/td>&#xa;&#x9;&#x9;&lt;/tr>&#xa;&#x9;&#x9;&lt;tr>&#xa;&#x9;&#x9;&#x9;&lt;td width=&quot;151&quot; valign=&quot;top&quot; style=&quot;border:1px solid #ccc ;padding:5px;&quot;>&#xa;&#x9;&#x9;&#x9;&#x9;&lt;p>&#xa;&#x9;&#x9;&#x9;&#x9;&#x9;&lt;b>Link URL&lt;/b>&#xa;&#x9;&#x9;&#x9;&#x9;&lt;/p>&#xa;&#x9;&#x9;&#x9;&lt;/td>&#xa;&#x9;&#x9;&#x9;&lt;td width=&quot;487&quot; valign=&quot;top&quot; style=&quot;border:1px solid #ccc ;padding:5px; font-size:1.2em;&quot;>&#xa;&#x9;&#x9;&#x9;&#x9;&lt;p>Internal or External Link URL&lt;/p>&#xa;&#x9;&#x9;&#x9;&lt;/td>&#xa;&#x9;&#x9;&lt;/tr>&#xa;&#x9;&#x9;&lt;tr>&#xa;&#x9;&#x9;&#x9;&lt;td width=&quot;151&quot; valign=&quot;top&quot; style=&quot;border:1px solid #ccc ;padding:5px;&quot;>&#xa;&#x9;&#x9;&#x9;&#x9;&lt;p>&#xa;&#x9;&#x9;&#x9;&#x9;&#x9;&lt;b>Link Label&lt;/b>&#xa;&#x9;&#x9;&#x9;&#x9;&lt;/p>&#xa;&#x9;&#x9;&#x9;&lt;/td>&#xa;&#x9;&#x9;&#x9;&lt;td width=&quot;487&quot; valign=&quot;top&quot; style=&quot;border:1px solid #ccc ;padding:5px; font-size:1.2em;&quot;>&#xa;&#x9;&#x9;&#x9;&#x9;&lt;p>Display copy for the optional link. Link copy must end with “>” to designate it as a hyperlink&lt;/p>&#xa;&#x9;&#x9;&#x9;&lt;/td>&#xa;&#x9;&#x9;&lt;/tr>&#xa;&#x9;&#x9;&lt;tr>&#xa;&#x9;&#x9;&#x9;&lt;td width=&quot;151&quot; valign=&quot;top&quot; style=&quot;border:1px solid #ccc ;padding:5px;&quot;>&#xa;&#x9;&#x9;&#x9;&#x9;&lt;p>&#xa;&#x9;&#x9;&#x9;&#x9;&#x9;&lt;b>New Window&lt;/b>&#xa;&#x9;&#x9;&#x9;&#x9;&lt;/p>&#xa;&#x9;&#x9;&#x9;&lt;/td>&#xa;&#x9;&#x9;&#x9;&lt;td width=&quot;487&quot; valign=&quot;top&quot; style=&quot;border:1px solid #ccc ;padding:5px; font-size:1.2em;&quot;>&#xa;&#x9;&#x9;&#x9;&#x9;&lt;p>External links must be set to Yes to open in a new window. Internal links must be set to No.&lt;/p>&#xa;&#x9;&#x9;&#x9;&lt;/td>&#xa;&#x9;&#x9;&lt;/tr>&#xa;&#x9;&#x9;&lt;tr>&#xa;&#x9;&#x9;&#x9;&lt;td width=&quot;151&quot; valign=&quot;top&quot; style=&quot;border:1px solid #ccc ;padding:5px;&quot;>&#xa;&#x9;&#x9;&#x9;&#x9;&lt;p>&#xa;&#x9;&#x9;&#x9;&#x9;&#x9;&lt;b>Browse PDF&lt;/b>&#xa;&#x9;&#x9;&#x9;&#x9;&lt;/p>&#xa;&#x9;&#x9;&#x9;&lt;/td>&#xa;&#x9;&#x9;&#x9;&lt;td width=&quot;487&quot; valign=&quot;top&quot; style=&quot;border:1px solid #ccc ;padding:5px; font-size:1.2em;&quot;>&#xa;&#x9;&#x9;&#x9;&#x9;&lt;p>Digitally hosted PDF file for download link. This may be hosted on Mobile DAM or other Intel hosted file service&lt;/p>&#xa;&#x9;&#x9;&#x9;&lt;/td>&#xa;&#x9;&#x9;&lt;/tr>&#xa;&#x9;&#x9;&lt;tr>&#xa;&#x9;&#x9;&#x9;&lt;td width=&quot;151&quot; valign=&quot;top&quot; style=&quot;border:1px solid #ccc ;padding:5px;&quot;>&#xa;&#x9;&#x9;&#x9;&#x9;&lt;p>&#xa;&#x9;&#x9;&#x9;&#x9;&#x9;&lt;b>Download Label&lt;/b>&#xa;&#x9;&#x9;&#x9;&#x9;&lt;/p>&#xa;&#x9;&#x9;&#x9;&lt;/td>&#xa;&#x9;&#x9;&#x9;&lt;td width=&quot;487&quot; valign=&quot;top&quot; style=&quot;border:1px solid #ccc ;padding:5px; font-size:1.2em;&quot;>&#xa;&#x9;&#x9;&#x9;&#x9;&lt;p>Hyperlink copy for PDF download. Link copy must end with “>” to designate it as a hyperlink&lt;/p>&#xa;&#x9;&#x9;&#x9;&lt;/td>&#xa;&#x9;&#x9;&lt;/tr>&#xa;&#x9;&lt;/tbody>&#xa;&lt;/table>&#xa;&lt;p>&#xa;&#x9;&lt;b>&#xa;&#x9;&#x9;&lt;br type=&quot;_moz&quot;>&#xa;&#x9;&lt;/b>&#xa;&lt;/p>&#xa;&lt;p style=&quot;margin-top:1em;&quot;>&#xa;&#x9;&lt;b style=&quot;font-size:1.35em;&quot;>Image Sizing Guide&lt;/b>&#xa;&lt;/p>&#xa;&lt;p>&#xa;&#x9;&lt;h1 style=&quot;font-size:1.2em;&quot;>Image Width x Height : 640 x 320 &lt;/h1>&#xa;&lt;/p>&#xa;&lt;p>&#xa;&#x9;&lt;br>&#xa;&lt;/p>&#xa;&lt;p>&#xa;&#x9;&lt;b>&#xa;&#x9;&#x9;&lt;br type=&quot;_moz&quot;>&#xa;&#x9;&lt;/b>&#xa;&lt;/p>&#xa;&lt;p>&#xa;&#x9;&lt;b>&#xa;&#x9;&#x9;&lt;br type=&quot;_moz&quot;>&#xa;&#x9;&lt;/b>&#xa;&lt;/p>&#xa;&lt;/p>&#xa;&lt;p style=&quot;text-align: right;&quot;>&#xa;&#x9;&lt;b>&#xa;&#x9;&#x9;&lt;i>&#xa;&#x9;&#x9;&#x9;&lt;br type=&quot;_moz&quot;>&#xa;&#x9;&#x9;&lt;/i>&#xa;&#x9;&lt;/b>&#xa;&lt;/p>&#xa;&#xa;&#xa;"
                        name="./label"
                        xtype="label"/>
                </items>
            </info>
        </items>
    </items>
    <listeners
        jcr:primaryType="nt:unstructured"
        beforesubmit="function(dialog){ return IntelUtils.checkImageSizeOfCarouselImageHero(dialog,'320_315_300',640);}"/>
</jcr:root>
