<?xml version="1.0" encoding="UTF-8"?>
<jcr:root xmlns:sling="http://sling.apache.org/jcr/sling/1.0" xmlns:cq="http://www.day.com/jcr/cq/1.0" xmlns:jcr="http://www.jcp.org/jcr/1.0" xmlns:nt="http://www.jcp.org/jcr/nt/1.0"
    jcr:primaryType="cq:Dialog"
    title="Showcase Feature Spotlight"
    width="100%"
    xtype="dialog">
    <items
        jcr:primaryType="cq:Widget"
        xtype="tabpanel">
        <items jcr:primaryType="cq:WidgetCollection">
            <tab1
                jcr:primaryType="cq:Panel"
                title="Config">
                <items jcr:primaryType="cq:WidgetCollection">
                    <displayCopy
                        jcr:primaryType="cq:Widget"
                        fieldLabel="Display Copy"
                        maxLength="{Long}66"
                        maxLengthText="The maximum length for this field is 66"
                        name="./displayCopy"
                        xtype="textfield"/>
                </items>
            </tab1>
            <tab2
                jcr:primaryType="cq:Widget"
                sling:resourceType="foundation/components/image"
                ddGroups="[media]"
                fileNameParameter="./imageFileName"
                fileReferenceParameter="./imageFileReference"
                id="imagefield"
                name="./spotlightImage"
                title="Spotlight Image"
                validateOnSubmitOnly="{Boolean}true"
                xtype="smartimage"/>
            <info
                jcr:primaryType="cq:Panel"
                title="Info Tab">
                <items jcr:primaryType="cq:WidgetCollection">
                    <information
                        jcr:primaryType="cq:Widget"
                        html="&lt;p>&#xa;&#x9;&lt;b>&lt;/b>&#xa;&lt;/p>&#xa;&lt;p>&#xa;&#x9;&lt;h1 style=&quot;font-size:1.35em;&quot;>&#xa;&#x9;&#x9;&lt;b>Showcase Feature Spotlight :&lt;/b>&#xa;&#x9;&lt;/h1>&#xa;&lt;/p>&#xa;&lt;p>&lt;/p>&#xa;&lt;p>&#xa;&#x9;&lt;h1 style=&quot;font-size:1.2em;&quot;>The Showcase Feature Spotlight component provides the ability to build out a feature list of copy items with an optional thumbnail image.&lt;/h1>&#xa;&lt;/p>&#xa;&lt;p>&lt;/p>&#xa;&lt;p style=&quot;margin-top:1em;&quot;>&#xa;&#x9;&lt;b style=&quot;font-size:1.35em;&quot;>Authoring options:&lt;/b>&#xa;&lt;/p>&#xa;&lt;p>&#xa;&#x9;&lt;h1 style=&quot;font-size:1.2em;&quot;> &#xa;&#x9;&#x9;The Showcase Feature Spotlight Component author dialog has two tabs. The Config tab allows the user to define copy and the Spotlight Image tab is used to define the image.&#xa;&#x9;&lt;/h1>&#xa;&lt;/p>&#xa;&lt;p>&#xa;&#x9;&lt;b>&#xa;&#x9;&#x9;&lt;br type=&quot;_moz&quot;>&#xa;&#x9;&lt;/b>&#xa;&lt;/p>&#xa;&lt;table border=&quot;1&quot; cellspacing=&quot;10&quot; cellpadding=&quot;10&quot;>&#xa;&#x9;&lt;tbody>&#xa;&#x9;&#x9;&lt;tr>&#xa;&#x9;&#x9;&#x9;&lt;td width=&quot;151&quot; valign=&quot;top&quot; style=&quot;border:1px solid #ccc;padding:5px; &quot;>&#xa;&#x9;&#x9;&#x9;&#x9;&lt;p>&#xa;&#x9;&#x9;&#x9;&#x9;&#x9;&lt;b>Display Copy&lt;/b>&#xa;&#x9;&#x9;&#x9;&#x9;&lt;/p>&#xa;&#x9;&#x9;&#x9;&lt;/td>&#xa;&#x9;&#x9;&#x9;&lt;td width=&quot;487&quot; valign=&quot;top&quot; style=&quot;border:1px solid #ccc; padding:5px; font-size:1.2em;&quot;>&#xa;&#x9;&#x9;&#x9;&#x9;&lt;p>Displayed copy in the feature line item.&lt;/p>&#xa;&#x9;&#x9;&#x9;&lt;/td>&#xa;&#x9;&#x9;&lt;/tr>&#x9;&#x9;&#xa;&#x9;&lt;/tbody>&#xa;&lt;/table>&#xa;&lt;p>&#xa;&#x9;&lt;b>&#xa;&#x9;&#x9;&lt;br type=&quot;_moz&quot;>&#xa;&#x9;&lt;/b>&#xa;&lt;/p>&#xa;&lt;p style=&quot;margin-top:1em;&quot;>&#xa;&#x9;&lt;b style=&quot;font-size:1.35em;&quot;>Image Sizing Guide&lt;/b>&#xa;&lt;/p>&#xa;&lt;p>&#xa;&#x9;&lt;h1 style=&quot;font-size:1.2em;&quot;> &#xa;&#x9;&#x9;The Image is defined by dragging and dropping an image form the DAM onto the second tab of the author dialog&#xa;&#x9;&lt;/h1>&#xa;&#x9;&lt;h1 style=&quot;font-size:1.2em;&quot;> &#xa;&#x9;&#x9;Suggested Image Dimensions:102X102. Max Size - 3k&#xa;&#x9;&lt;/h1>&#xa;&lt;/p>&#xa;&lt;p>&#xa;&#x9;&lt;b>&#xa;&#x9;&#x9;&lt;br type=&quot;_moz&quot;>&#xa;&#x9;&lt;/b>&#xa;&lt;/p>&#xa;&lt;p>&#xa;&#x9;&lt;b>&#xa;&#x9;&#x9;&lt;br type=&quot;_moz&quot;>&#xa;&#x9;&lt;/b>&#xa;&lt;/p>&#xa;&lt;/p>&#xa;&lt;p style=&quot;text-align: right;&quot;>&#xa;&#x9;&lt;b>&#xa;&#x9;&#x9;&lt;i>&#xa;&#x9;&#x9;&#x9;&lt;br type=&quot;_moz&quot;>&#xa;&#x9;&#x9;&lt;/i>&#xa;&#x9;&lt;/b>&#xa;&lt;/p>"
                        name="./label"
                        xtype="label"/>
                </items>
            </info>
        </items>
    </items>
    <listeners
        jcr:primaryType="nt:unstructured"
        beforesubmit="function(dialog){ return IntelUtils.checkImageSizeOfSingleImage(dialog,'./spotlightImage',102,102);}"/>
</jcr:root>
