<?xml version="1.0" encoding="UTF-8"?>
<jcr:root xmlns:cq="http://www.day.com/jcr/cq/1.0" xmlns:jcr="http://www.jcp.org/jcr/1.0" xmlns:nt="http://www.jcp.org/jcr/nt/1.0"
    jcr:primaryType="cq:Dialog"
    title="Dialog"
    width="100%"
    xtype="dialog">
    <items jcr:primaryType="cq:TabPanel">
        <items jcr:primaryType="cq:WidgetCollection">
            <general
                jcr:primaryType="cq:Panel"
                title="Jump To Menu">
                <items jcr:primaryType="cq:WidgetCollection">
                    <jumptolab
                        jcr:primaryType="cq:Widget"
                        allowBlank="{Boolean}false"
                        defaultValue="Jump to..."
                        fieldLabel="Label for Jump To"
                        name="./jumptolab"
                        xtype="textfield"/>
                    <jumptomenuitems
                        jcr:primaryType="cq:Widget"
                        customMultiFieldName="./jumptomenuitems"
                        fieldDescription="Click the '+' to add a new menu item."
                        maxItems="12"
                        name="./jumptomenuitems"
                        xtype="custommultifield">
                        <fieldConfig jcr:primaryType="cq:WidgetCollection">
                            <Copy_x0020_Text
                                jcr:primaryType="cq:Widget"
                                allowBlank="{Boolean}false"
                                fieldLabel="Copy Text"
                                name="./copytext"
                                xtype="textfield"/>
                            <internal_x0020_url
                                jcr:primaryType="cq:Widget"
                                allowBlank="{Boolean}false"
                                editable="{Boolean}true"
                                fieldLabel="Internal URL"
                                name="./internalUrl"
                                predicate="hierarchy"
                                xtype="pathfield"/>
                        </fieldConfig>
                    </jumptomenuitems>
                </items>
            </general>
            <templates_x0020_tab
                jcr:primaryType="cq:Panel"
                title="Last Visited Options">
                <items jcr:primaryType="cq:WidgetCollection">
                    <templateitems
                        jcr:primaryType="cq:Widget"
                        customMultiFieldName="./templateitems"
                        fieldDescription="Click the '+' to add a new template item."
                        maxItems="12"
                        name="./templateitems"
                        xtype="custommultifield">
                        <fieldConfig jcr:primaryType="cq:WidgetCollection">
                            <templatetype
                                jcr:primaryType="cq:Widget"
                                allowBlank="{Boolean}false"
                                cls="drpwidth"
                                defaultValue="Select"
                                fieldLabel="Select Template Type"
                                name="./templatetype"
                                type="select"
                                xtype="selection">
                                <options jcr:primaryType="cq:WidgetCollection">
                                    <productcategory
                                        jcr:primaryType="nt:unstructured"
                                        text="Product Category"
                                        value="/apps/intelmobile/templates/productlisting"/>
                                    <productdetail
                                        jcr:primaryType="nt:unstructured"
                                        text="Product Detail"
                                        value="/apps/intelmobile/templates/productdetails"/>
                                    <productdetailcms
                                        jcr:primaryType="nt:unstructured"
                                        text="Product Detail CMS"
                                        value="/apps/intelmobile/templates/productdetailscms"/>
                                    <productshowcase
                                        jcr:primaryType="nt:unstructured"
                                        text="Product Showcase"
                                        value="/apps/intelmobile/templates/productshowcase"/>
                                    <productcompare
                                        jcr:primaryType="nt:unstructured"
                                        text="Product Compare"
                                        value="/apps/intelmobile/templates/productcompare"/>
                                    <decisiontoolresults
                                        jcr:primaryType="nt:unstructured"
                                        text="Decision Quiz Results"
                                        value="/apps/intelmobile/templates/decisionquizresults"/>
                                    <articlelanding
                                        jcr:primaryType="nt:unstructured"
                                        text="Article Landing"
                                        value="/apps/intelmobile/templates/articlelanding"/>
                                    <decisiontoolquestion
                                        jcr:primaryType="nt:unstructured"
                                        text="Decision Tool Question"
                                        value="/apps/intelmobile/templates/decisiontoolquestion"/>
                                    <sitesearchresults
                                        jcr:primaryType="nt:unstructured"
                                        text="Site Search Result"
                                        value="/apps/intelmobile/templates/mobilecontentpage"/>
                                </options>
                            </templatetype>
                            <displayname
                                jcr:primaryType="cq:Widget"
                                allowBlank="{Boolean}false"
                                fieldLabel="Display Copy"
                                name="./displayname"
                                xtype="textfield"/>
                            <showtemplate
                                jcr:primaryType="cq:Widget"
                                defaultValue="no"
                                fieldLabel="Show Jump To"
                                name="./showtemplatetype"
                                type="select"
                                width="100%"
                                xtype="selection">
                                <options jcr:primaryType="cq:WidgetCollection">
                                    <yes
                                        jcr:primaryType="nt:unstructured"
                                        text="yes"
                                        value="yes"/>
                                    <no
                                        jcr:primaryType="nt:unstructured"
                                        text="no"
                                        value="no"/>
                                </options>
                            </showtemplate>
                        </fieldConfig>
                    </templateitems>
                </items>
            </templates_x0020_tab>
            <info
                jcr:primaryType="cq:Panel"
                title="Info Tab">
                <items jcr:primaryType="cq:WidgetCollection">
                    <information
                        jcr:primaryType="cq:Widget"
                        html="&lt;p>&lt;b>&lt;/b>&lt;/p>&#xa;&lt;p>&lt;h1 style=&quot;font-size:1.35em;&quot;>&lt;b>Jump To Component&lt;/b>&lt;/h1>&lt;/p>&#xa;&lt;p>&lt;/p>&#xa;&lt;p>&lt;h1 style=&quot;font-size:1.2em;&quot;>The Jump To component provides a quick menu to the user on the homepage. It is intended to offer quick access to commonly sought pages within the mobile site. It contains two tabs of author options:&lt;/h1>&lt;/p>&#xa;&lt;p style=&quot;margin-top:1em;&quot;>&lt;h1 style=&quot;font-size:1.2em;&quot;>1.Jump To Menu&lt;/h1>&lt;/p>&#xa;&lt;p style=&quot;margin-top:1em;&quot;>&lt;h1 style=&quot;font-size:1.2em;&quot;>2.Last Visited Options&lt;/h1>&lt;/p>&#xa;&lt;p>&lt;/p>&#xa;&lt;p style=&quot;margin-top:1em;&quot;>&lt;b style=&quot;font-size:1.35em;&quot;>Jump To Menu Tab&lt;/b>&lt;/p>&#xa;&lt;p style=&quot;margin-top:1em;&quot;>&lt;table border=&quot;1&quot; cellspacing=&quot;10&quot; cellpadding=&quot;10&quot;>&#xa;&lt;tbody>&lt;tr>&lt;td width=&quot;151&quot; valign=&quot;top&quot; style=&quot;border:1px solid #ccc;padding:5px;&quot;>&lt;p>&lt;b>Label for Jump To&lt;/b>&lt;/p>&#xa;&lt;/td>&#xa;&lt;td width=&quot;487&quot; valign=&quot;top&quot; style=&quot;border:1px solid #ccc;padding:5px;font-size:1.2em;&quot;>&lt;p>The display copy on the Jump To menu button displayed to the end user&#xa;&lt;/p>&#xa;&lt;/td>&#xa;&lt;/tr>&lt;/tbody>&lt;/table>&lt;/p>&#xa;&lt;p style=&quot;margin-top:1em;&quot;>&lt;b style=&quot;font-size:1.35em;&quot;>Link Multi-Select Control&lt;/b>&lt;/p>&#xa;&lt;p style=&quot;margin-top:1em;&quot;>&lt;table border=&quot;1&quot; cellspacing=&quot;10&quot; cellpadding=&quot;10&quot;>&#xa;&lt;tbody>&lt;tr>&lt;td width=&quot;151&quot; valign=&quot;top&quot; style=&quot;border:1px solid #ccc;padding:5px;&quot;>&lt;p>&lt;b>Copy Text&lt;/b>&lt;/p>&#xa;&lt;/td>&#xa;&lt;td width=&quot;487&quot; valign=&quot;top&quot; style=&quot;border:1px solid #ccc;padding:5px;font-size:1.2em;&quot;>&lt;p>Copy Displayed in the users mobile device default dropdown control&#xa;&lt;/p>&#xa;&lt;/td>&#xa;&lt;tr>&lt;/tr>&#xa;&lt;td width=&quot;151&quot; valign=&quot;top&quot; style=&quot;border:1px solid #ccc;padding:5px;&quot;>&lt;p>&lt;b>Internal URL&lt;/b>&lt;/p>&#xa;&lt;/td>&#xa;&lt;td width=&quot;487&quot; valign=&quot;top&quot; style=&quot;border:1px solid #ccc;padding:5px;font-size:1.2em;&quot;>&lt;p>The internal page the user is directed to upon selection of the link option. &#xa;&lt;/p>&#xa;&lt;/td>&#xa;&lt;/tr>&lt;/tbody>&lt;/table>&lt;/p>&#xa;&lt;p style=&quot;margin-top:1em;&quot;>&lt;b style=&quot;font-size:1.35em;&quot;>Last Visited Options Tab&lt;/b>&lt;/p>&#xa;&lt;p>&lt;h1 style=&quot;font-size:1.2em;&quot;>This tab allows the user to customize the Last Visited page feature of the Jump To Menu. As an end user navigates through the mobile site, their last visited page may be tracked. This allows the Last Visited page to appear as the first option in the Jump To Menu. The intension is to provide the ability for a returning user to quickly access previously viewed content. &lt;/h1>&lt;/p>&#xa;&lt;p>&lt;h1 style=&quot;font-size:1.2em;&quot;>The Author may define which pages will be tracked based on page template as well as define the display copy used to label the page in the Jump To Menu&lt;/h1>&lt;/p>&#xa;&lt;p style=&quot;margin-top:1em;&quot;>&lt;b style=&quot;font-size:1.35em;&quot;>Last Visited Multi-Select Control&lt;/b>&lt;/p>&#xa;&lt;p style=&quot;margin-top:1em;&quot;>&lt;table border=&quot;1&quot; cellspacing=&quot;10&quot; cellpadding=&quot;10&quot;>&#xa;&lt;tbody>&lt;tr>&lt;td width=&quot;151&quot; valign=&quot;top&quot; style=&quot;border:1px solid #ccc;padding:5px;&quot;>&lt;p>&lt;b>Select Template Type&lt;/b>&lt;/p>&#xa;&lt;/td>&#xa;&lt;td width=&quot;487&quot; valign=&quot;top&quot; style=&quot;border:1px solid #ccc;padding:5px;font-size:1.2em;&quot;>&lt;p>Dropdown selection of available templates&#xa;&lt;/p>&#xa;&lt;/td>&#xa;&lt;tr>&lt;/tr>&#xa;&lt;td width=&quot;151&quot; valign=&quot;top&quot; style=&quot;border:1px solid #ccc;padding:5px;&quot;>&lt;p>&lt;b>Display Copy&lt;/b>&lt;/p>&#xa;&lt;/td>&#xa;&lt;td width=&quot;487&quot; valign=&quot;top&quot; style=&quot;border:1px solid #ccc;padding:5px;font-size:1.2em;&quot;>&lt;p>Copy displayed in the Jump To Menu when a user has last visited page utilized.&#xa;&lt;/p>&#xa;&lt;/td>&#xa;&lt;tr>&lt;/tr>&#xa;&lt;td width=&quot;151&quot; valign=&quot;top&quot; style=&quot;border:1px solid #ccc;padding:5px;&quot;>&lt;p>&lt;b>Show Jump To&lt;/b>&lt;/p>&#xa;&lt;/td>&#xa;&lt;td width=&quot;487&quot; valign=&quot;top&quot; style=&quot;border:1px solid #ccc;padding:5px;font-size:1.2em;&quot;>&lt;p>Toggle the tracking of this Template On/Off&#xa;&lt;/p>&#xa;&lt;/td>&#xa;&lt;/tr>&lt;/tbody>&lt;/table>&lt;/p>&#xa;&lt;p style=&quot;margin-top:1em;&quot;>&lt;b style=&quot;font-size:1.25em;&quot;>STYLE NOTE&lt;/b>&lt;/p>&#xa;&lt;p>&lt;h1 style=&quot;font-size:1.2em;&quot;>1.All Templates should use the copy “Last Visited Page” or the translated version for all templates.&lt;/h1>&lt;/p>&#xa;&lt;p>&lt;h1 style=&quot;font-size:1.2em;&quot;>2.The following Templates should be set to Yes for Show in Jump To. All others must be set to No &lt;/h1>&lt;/p>&#xa;&lt;p>&lt;h1 style=&quot;font-size:1.2em;&quot;>a.Product Detail &lt;/h1>&lt;/p>&#xa;&lt;p>&lt;h1 style=&quot;font-size:1.2em;&quot;>b.Product Detail CMS &lt;/h1>&lt;/p>&#xa;&lt;p>&lt;h1 style=&quot;font-size:1.2em;&quot;>c.Product Showcase &lt;/h1>&lt;/p>&#xa;&lt;p>&lt;h1 style=&quot;font-size:1.2em;&quot;>d.Article Landing &lt;/h1>&lt;/p>&#xa;&lt;p>&lt;h1 style=&quot;font-size:1.2em;&quot;>e.Product Compare &lt;/h1>&lt;/p>&#xa;&lt;p>&lt;h1 style=&quot;font-size:1.2em;&quot;>f.Decision Tool Question &lt;/h1>&lt;/p>&#xa;&#xa;"
                        name="./label"
                        xtype="label"/>
                </items>
            </info>
        </items>
    </items>
</jcr:root>
