<?xml version="1.0" encoding="UTF-8"?>
<jcr:root xmlns:cq="http://www.day.com/jcr/cq/1.0" xmlns:jcr="http://www.jcp.org/jcr/1.0" xmlns:nt="http://www.jcp.org/jcr/nt/1.0"
    jcr:primaryType="cq:Dialog"
    title="Product Lister Component"
    width="100%"
    xtype="dialog">
    <items jcr:primaryType="cq:TabPanel">
        <items jcr:primaryType="cq:WidgetCollection">
            <general
                jcr:primaryType="cq:Panel"
                border="false"
                height=""
                title="General"
                width="">
                <items jcr:primaryType="cq:WidgetCollection">
                    <prodlisttitle
                        jcr:primaryType="cq:Widget"
                        allowBlank="false"
                        defaultValue="Introducing"
                        fieldLabel="Product Listing Page Title"
                        name="./prodlisttitle"
                        xtype="textfield"/>
                    <linkdispcopy
                        jcr:primaryType="cq:Widget"
                        fieldLabel="CMS Link Display Copy"
                        name="./linkdispcopy"
                        xtype="textfield"/>
                    <truncatechar
                        jcr:primaryType="cq:Widget"
                        fieldLabel="Truncate linkdisplay copy after no.of characters"
                        name="./truncatechar"
                        regex="/^[0-9]{0,2}$/"
                        regexText="Enter Numbers Only"
                        xtype="textfield"/>
                    <linkdispurl
                        jcr:primaryType="cq:Widget"
                        defaultValue=""
                        editable="{Boolean}true"
                        fieldLabel="CMS Link URL"
                        name="./linkdispurl"
                        predicate="hierarchy"
                        xtype="pathfield"/>
                    <addtocompare
                        jcr:primaryType="cq:Widget"
                        defaultValue="show"
                        fieldDescription="Show/Hide Compare functionality for this Vertical."
                        fieldLabel="Show/Hide Compare functionality"
                        name="./addtocompare"
                        type="select"
                        xtype="selection">
                        <options jcr:primaryType="cq:WidgetCollection">
                            <show
                                jcr:primaryType="nt:unstructured"
                                text="Show"
                                value="show"/>
                            <hide
                                jcr:primaryType="nt:unstructured"
                                text="Hide"
                                value="hide"/>
                        </options>
                    </addtocompare>
                </items>
            </general>
            <heroImg
                jcr:primaryType="cq:Widget"
                allowUpload="{Boolean}false"
                ddGroups="[media]"
                fileNameParameter="./heroimageFileName"
                fileReferenceParameter="./heroimgFileReference"
                name="./heroImage"
                title="Hero Image"
                xtype="smartimage"/>
            <tab2
                jcr:primaryType="cq:Widget"
                allowUpload="{Boolean}false"
                ddGroups="[media]"
                fileNameParameter="./imageFileName"
                fileReferenceParameter="./imgFileReference"
                id="imagefield"
                name="./contentImage"
                title="Spotlight Image"
                xtype="smartimage"/>
            <info
                jcr:primaryType="cq:Panel"
                title="Info Tab">
                <items jcr:primaryType="cq:WidgetCollection">
                    <information
                        jcr:primaryType="cq:Widget"
                        html="&lt;p>&#xa;&#x9;&lt;b>&lt;/b>&#xa;&lt;/p>&#xa;&lt;p>&#xa;&#x9;&lt;h1 style=&quot;font-size:1.35em;&quot;>&#xa;&#x9;&#x9;&lt;b>Product Listing :&lt;/b>&#xa;&#x9;&lt;/h1>&#xa;&lt;/p>&#xa;&lt;p>&lt;/p>&#xa;&lt;p>&#xa;&#x9;&lt;h1 style=&quot;font-size:1.2em;&quot;>The Product Listing is a search results type page which will list all available products for a specific category. A user may scroll through the list as well as Sort or Filter. A user may select a product and be direct to the Product Detail page or select a number of products to be compared.&lt;/h1>&#xa;&lt;/p>&#xa;&lt;p>&lt;/p>&#xa;&lt;p style=&quot;margin-top:1em;&quot;>&#xa;&#x9;&lt;b style=&quot;font-size:1.35em;&quot;>Authoring options:&lt;/b>&#xa;&lt;/p>&#xa;&lt;p>&#xa;&#x9;&lt;h1 style=&quot;font-size:1.2em;&quot;> &#xa;&#x9;&#x9;The Product Listing page uses the Product Listing Template and is built out with the Product Lister component. The products are populated by the FAST search engine from the Activated product detail pages contained under the activated Product Listing page. This may be a combination of CMS or SHOP API created product detail pages.&#xa;&#x9;&lt;/h1>&#xa;&lt;/p>&#xa;&lt;p>&#xa;&#x9;&lt;b>&#xa;&#x9;&#x9;&lt;br type=&quot;_moz&quot;>&#xa;&#x9;&lt;/b>&#xa;&lt;/p>&#xa;&lt;p style=&quot;margin-top:1em;&quot;>&#xa;&#x9;&lt;b style=&quot;font-size:1.35em;&quot;>How to add/remove Shop API products from the site&lt;/b>&#xa;&lt;/p>&#xa;&lt;p>&#xa;&#x9;&lt;h1 style=&quot;font-size:1.2em;&quot;> &#xa;&#x9;&#x9;The mobile platform will synchronize with a geography’s SHOP API on a configurable schedule. This synchronization job will bring 100% of all products over to the mobile site Adobe CQ platform. However, a content author may hand select specific products to not be shown on the public site by end users.&#xa;&#x9;&lt;/h1>&#xa;&lt;/p>&#xa;&lt;p>&#xa;&#x9;&lt;b>&#xa;&#x9;&#x9;&lt;br type=&quot;_moz&quot;>&#xa;&#x9;&lt;/b>&#xa;&lt;/p>&#xa;&lt;p style=&quot;margin-top:1em;&quot;>&#xa;&#x9;&lt;b style=&quot;font-size:1.35em;&quot;>Removing a Product&lt;/b>&#xa;&lt;/p>&#xa;&lt;p>&#xa;&#x9;&lt;h1 style=&quot;font-size:1.2em;&quot;> &#xa;&#x9;&#x9;Only Activated pages will appear on the site. This includes the ability to access the product detail page, appear on a product listing page, or appear in an executed site key word search. Therefore to remove a specific product, a content author needs to de-activate the product’s product detail page. These pages will appear under the product listing page in the CQ node structure. Right click on the page, and select “de-activate”. Once the FAST search executes it’s next crawl (typically 2 hours) the page will no longer appear on Listing pages or site searches.&#xa;&#x9;&lt;/h1>&#xa;&lt;/p>&#xa;&lt;p>&#xa;&#x9;&lt;b>&#xa;&#x9;&#x9;&lt;br type=&quot;_moz&quot;>&#xa;&#x9;&lt;/b>&#xa;&lt;/p>&#xa;&lt;p style=&quot;margin-top:1em;&quot;>&#xa;&#x9;&lt;b style=&quot;font-size:1.35em;&quot;>New Products / Add a Product.&lt;/b>&#xa;&lt;/p>&#xa;&lt;p>&#xa;&#x9;&lt;h1 style=&quot;font-size:1.2em;&quot;> &#xa;&#x9;&#x9;New products from the API will be added to CQ automatically. However, these pages will be de-activated by default. To add a new product, a CQ author will select the product’s detail page in CQ, right click, and select Activate.&#xa;&#x9;&lt;/h1>&#xa;&lt;/p>&#xa;&lt;p>&#xa;&#x9;&lt;b>&#xa;&#x9;&#x9;&lt;br type=&quot;_moz&quot;>&#xa;&#x9;&lt;/b>&#xa;&lt;/p>&#xa;&lt;p style=&quot;margin-top:1em;&quot;>&#xa;&#x9;&lt;b style=&quot;font-size:1.35em;&quot;>Product Lister Component&lt;/b>&#xa;&lt;/p>&#xa;&lt;p>&#xa;&#x9;&lt;h1 style=&quot;font-size:1.2em;&quot;> &#xa;&#x9;&#x9;The Product Lister component provides the core functionality for the Product Listing page. Right Click on it and select Edit to launch the author dialog. It contains two tabs, General &amp; Spotlight Image. The Product Lister component allows the content author to define a CMS link as part of the Product Listing. This CMS link is intended to be a callout to functionality or other content on the site. It will be displayed along with the products but we have an author defined image, copy, and destination url.&#xa;&#x9;&lt;/h1>&#xa;&lt;/p>&#xa;&lt;p>&#xa;&#x9;&lt;b>&#xa;&#x9;&#x9;&lt;br type=&quot;_moz&quot;>&#xa;&#x9;&lt;/b>&#xa;&lt;/p>&#xa;&lt;table border=&quot;1&quot; cellspacing=&quot;10&quot; cellpadding=&quot;10&quot;>&#xa;&#x9;&lt;tbody>&#xa;&#x9;&#x9;&lt;tr>&#xa;&#x9;&#x9;&#x9;&lt;td width=&quot;151&quot; valign=&quot;top&quot; style=&quot;border:1px solid #ccc;padding:5px; &quot;>&#xa;&#x9;&#x9;&#x9;&#x9;&lt;p>&#xa;&#x9;&#x9;&#x9;&#x9;&#x9;&lt;b>Product Listing Page Title&lt;/b>&#xa;&#x9;&#x9;&#x9;&#x9;&lt;/p>&#xa;&#x9;&#x9;&#x9;&lt;/td>&#xa;&#x9;&#x9;&#x9;&lt;td width=&quot;487&quot; valign=&quot;top&quot; style=&quot;border:1px solid #ccc; padding:5px; font-size:1.2em;&quot;>&#xa;&#x9;&#x9;&#x9;&#x9;&lt;p>The lead in copy displayed as the page title. The last part of this copy is dynamic based on the Page Title entered in the page properties.&lt;/p>&#xa;&#x9;&#x9;&#x9;&lt;/td>&#xa;&#x9;&#x9;&lt;/tr>&#xa;&#x9;&#x9;&lt;tr>&#xa;&#x9;&#x9;&#x9;&lt;td width=&quot;151&quot; valign=&quot;top&quot; style=&quot;border:1px solid #ccc;padding:5px; &quot;>&#xa;&#x9;&#x9;&#x9;&#x9;&lt;p>&#xa;&#x9;&#x9;&#x9;&#x9;&#x9;&lt;b>CMS Link display Copy&lt;/b>&#xa;&#x9;&#x9;&#x9;&#x9;&lt;/p>&#xa;&#x9;&#x9;&#x9;&lt;/td>&#xa;&#x9;&#x9;&#x9;&lt;td width=&quot;487&quot; valign=&quot;top&quot; style=&quot;border:1px solid #ccc; padding:5px; font-size:1.2em;&quot;>&#xa;&#x9;&#x9;&#x9;&#x9;&lt;p>Optional CMS Link item display copy. It will appear in the same place as the Page Titles.&lt;/p>&#xa;&#x9;&#x9;&#x9;&lt;/td>&#xa;&#x9;&#x9;&lt;/tr>&#xa;&#x9;&#x9;&lt;tr>&#xa;&#x9;&#x9;&#x9;&lt;td width=&quot;151&quot; valign=&quot;top&quot; style=&quot;border:1px solid #ccc;padding:5px; &quot;>&#xa;&#x9;&#x9;&#x9;&#x9;&lt;p>&#xa;&#x9;&#x9;&#x9;&#x9;&#x9;&lt;b>Truncate linkdisplay copy after no.of characters&lt;/b>&#xa;&#x9;&#x9;&#x9;&#x9;&lt;/p>&#xa;&#x9;&#x9;&#x9;&lt;/td>&#xa;&#x9;&#x9;&#x9;&lt;td width=&quot;487&quot; valign=&quot;top&quot; style=&quot;border:1px solid #ccc; padding:5px; font-size:1.2em;&quot;>&#xa;&#x9;&#x9;&#x9;&#x9;&lt;p>Sets copy truncation character count limit.&lt;/p>&#xa;&#x9;&#x9;&#x9;&lt;/td>&#xa;&#x9;&#x9;&lt;/tr>&#x9;&#xa;&#x9;&#x9;&lt;tr>&#xa;&#x9;&#x9;&#x9;&lt;td width=&quot;151&quot; valign=&quot;top&quot; style=&quot;border:1px solid #ccc;padding:5px; &quot;>&#xa;&#x9;&#x9;&#x9;&#x9;&lt;p>&#xa;&#x9;&#x9;&#x9;&#x9;&#x9;&lt;b>CMS Link URL&lt;/b>&#xa;&#x9;&#x9;&#x9;&#x9;&lt;/p>&#xa;&#x9;&#x9;&#x9;&lt;/td>&#xa;&#x9;&#x9;&#x9;&lt;td width=&quot;487&quot; valign=&quot;top&quot; style=&quot;border:1px solid #ccc; padding:5px; font-size:1.2em;&quot;>&#xa;&#x9;&#x9;&#x9;&#x9;&lt;p>The destination URL of the optional CMS link.&lt;/p>&#xa;&#x9;&#x9;&#x9;&lt;/td>&#xa;&#x9;&#x9;&lt;/tr>&#x9;&#xa;&#x9;&lt;/tbody>&#xa;&lt;/table>&#xa;&lt;p>&#xa;&#x9;&lt;b>&#xa;&#x9;&#x9;&lt;br type=&quot;_moz&quot;>&#xa;&#x9;&lt;/b>&#xa;&lt;/p>&#xa;&lt;p style=&quot;margin-top:1em;&quot;>&#xa;&#x9;&lt;b style=&quot;font-size:1.35em;&quot;>Sort and Filter Authoring Options&lt;/b>&#xa;&lt;/p>&#xa;&lt;p>&#xa;&#x9;&lt;h1 style=&quot;font-size:1.2em;&quot;> &#xa;&#x9;&#x9;Toggle&#xa;&#x9;&lt;/h1>&#xa;&#x9;&lt;h1 style=&quot;font-size:1.2em;&quot;> &#xa;&#x9;&#x9;Create Tags&#xa;&#x9;&lt;/h1>&#xa;&lt;/p>&#xa;&lt;p>&#xa;&#x9;&lt;b>&#xa;&#x9;&#x9;&lt;br type=&quot;_moz&quot;>&#xa;&#x9;&lt;/b>&#xa;&lt;/p>&#xa;&lt;p style=&quot;margin-top:1em;&quot;>&#xa;&#x9;&lt;b style=&quot;font-size:1.35em;&quot;>Image Sizing Guide&lt;/b>&#xa;&lt;/p>&#xa;&lt;p>&#xa;&#x9;&lt;h1 style=&quot;font-size:1.2em;&quot;>Spotlight Image Width x Height : 175 x 175 &lt;/h1>&#xa;&lt;/p>&#xa;&lt;p>&#xa;&#x9;&lt;b>&#xa;&#x9;&#x9;&lt;br type=&quot;_moz&quot;>&#xa;&#x9;&lt;/b>&#xa;&lt;/p>&#xa;&lt;p>&#xa;&#x9;&lt;b>&#xa;&#x9;&#x9;&lt;br type=&quot;_moz&quot;>&#xa;&#x9;&lt;/b>&#xa;&lt;/p>&#xa;&lt;/p>&#xa;&lt;p style=&quot;text-align: right;&quot;>&#xa;&#x9;&lt;b>&#xa;&#x9;&#x9;&lt;i>&#xa;&#x9;&#x9;&#x9;&lt;br type=&quot;_moz&quot;>&#xa;&#x9;&#x9;&lt;/i>&#xa;&#x9;&lt;/b>&#xa;&lt;/p>"
                        name="./label"
                        xtype="label"/>
                </items>
            </info>
        </items>
    </items>
</jcr:root>
