<?xml version="1.0" encoding="UTF-8"?>
<jcr:root xmlns:cq="http://www.day.com/jcr/cq/1.0" xmlns:jcr="http://www.jcp.org/jcr/1.0" xmlns:nt="http://www.jcp.org/jcr/nt/1.0"
    jcr:primaryType="cq:Dialog"
    title="Global Footer"
    width="100%"
    xtype="dialog">
    <items jcr:primaryType="cq:TabPanel">
        <items jcr:primaryType="cq:WidgetCollection">
            <tab1
                jcr:primaryType="cq:Panel"
                title="Footer Navigation Links">
                <items jcr:primaryType="cq:WidgetCollection">
                    <multifrontfeeds
                        jcr:primaryType="cq:Widget"
                        customMultiFieldName="./footerNavigationlinks"
                        fieldDescription="Click the '+' to add a new Link."
                        fieldLabel="Global Footer Links"
                        name="./footerNavigationlinks"
                        xtype="custommultifield">
                        <fieldConfig jcr:primaryType="cq:WidgetCollection">
                            <title
                                jcr:primaryType="cq:Widget"
                                allowBlank="{Boolean}false"
                                fieldLabel="Global Footer Display Text"
                                name="./footerTitle"
                                xtype="textfield"/>
                            <url
                                jcr:primaryType="cq:Widget"
                                allowBlank="{Boolean}false"
                                editable="{Boolean}true"
                                fieldDescription="For External URL start the URL with 'http://'"
                                fieldLabel="Global Footer URL"
                                name="./footerUrl"
                                predicate="hierarchy"
                                xtype="pathfield"/>
                            <sameornewwindow
                                jcr:primaryType="cq:Widget"
                                allowBlank="{Boolean}true"
                                defaultValue="no"
                                fieldLabel="Open in new window"
                                name="./newwindow"
                                type="select"
                                value="no"
                                width="20"
                                xtype="selection">
                                <options jcr:primaryType="cq:WidgetCollection">
                                    <no
                                        jcr:primaryType="nt:unstructured"
                                        text="No"
                                        value="no"/>
                                    <yes
                                        jcr:primaryType="nt:unstructured"
                                        text="Yes"
                                        value="yes"/>
                                </options>
                            </sameornewwindow>
                        </fieldConfig>
                    </multifrontfeeds>
                </items>
            </tab1>
            <tab2
                jcr:primaryType="cq:Panel"
                title="Footer Details">
                <items jcr:primaryType="cq:WidgetCollection">
                    <fullsitelinktext
                        jcr:primaryType="cq:Widget"
                        allowBlank="{Boolean}false"
                        defaultValue="Visit Full Site"
                        fieldLabel="Full Site Link Text"
                        name="./fullsitelinktext"
                        xtype="textfield"/>
                    <fullsitelink
                        jcr:primaryType="cq:Widget"
                        allowBlank="{Boolean}false"
                        fieldDescription="For External URL start the URL with 'http://'"
                        fieldLabel="Full Site Link"
                        name="./fullsitelink"
                        xtype="pathfield"/>
                    <sameornewwindow
                        jcr:primaryType="cq:Widget"
                        allowBlank="{Boolean}true"
                        defaultValue="yes"
                        fieldLabel="Open full site in new window"
                        name="./fullsitenewwindow"
                        type="select"
                        width="20"
                        xtype="selection">
                        <options jcr:primaryType="cq:WidgetCollection">
                            <no
                                jcr:primaryType="nt:unstructured"
                                text="No"
                                value="no"/>
                            <yes
                                jcr:primaryType="nt:unstructured"
                                text="Yes"
                                value="yes"/>
                        </options>
                    </sameornewwindow>
                    <hidefullsitelink
                        jcr:primaryType="cq:Widget"
                        fieldLabel="Hide Fullsite View Link"
                        id="hidefullsite"
                        name="./hidefullsitelink"
                        type="checkbox"
                        xtype="selection"/>
                    <trademarktext
                        jcr:primaryType="cq:Widget"
                        allowBlank="{Boolean}false"
                        defaultValue="© Intel Corporation"
                        fieldLabel="Trademark Text"
                        name="./trademarktext"
                        xtype="textfield"/>
                    <region
                        jcr:primaryType="cq:Widget"
                        allowBlank="{Boolean}false"
                        defaultValue="US(English)"
                        fieldLabel="Enter Region"
                        name="./region"
                        xtype="textfield"/>
                    <regionurl
                        jcr:primaryType="cq:Widget"
                        allowBlank="{Boolean}false"
                        fieldLabel="Region Url"
                        name="./regionurl"
                        xtype="pathfield"/>
                    <hideregionurl
                        jcr:primaryType="cq:Widget"
                        fieldLabel="Hide Region URL"
                        id="hideregionurl"
                        name="./hideregionurl"
                        type="checkbox"
                        xtype="selection"/>
                </items>
            </tab2>
            <info
                jcr:primaryType="cq:Panel"
                title="Info Tab">
                <items jcr:primaryType="cq:WidgetCollection">
                    <information
                        jcr:primaryType="cq:Widget"
                        html="&lt;p>&lt;b>&lt;/b>&lt;/p>&#xa;&lt;p>&lt;h1 style=&quot;font-size:1.35em;&quot;>&lt;b>Global Footer :&lt;/b>&lt;/h1>&lt;/p>&#xa;&lt;p>&lt;/p>&#xa;&lt;p>&lt;h1 style=&quot;font-size:1.2em;&quot;>The Global Footer displays a set of legal content links, a country language selection, and a link to the site’s corresponding full browser site. &lt;/h1>&lt;/p>&#xa;&lt;p>&lt;/p>&#xa;&lt;p style=&quot;margin-top:1em;&quot;>&lt;b style=&quot;font-size:1.35em;&quot;>Authoring options:&lt;/b>&lt;/p>&#xa;&lt;p>&lt;b>Open the Author Dialog:-&lt;/b>&lt;/p>&lt;p>&lt;h1 style=&quot;font-size:1.2em;&quot;> From the site Homepage, select the Site Footer, right click, and select Edit. This will launch the Global Footer Author Dialog.&lt;/h1>&lt;/p>&#xa;&lt;p style=&quot;font-size:1.2em;&quot;>NOTE: Only designated Super Authors will have user permissions to edit the global Header or Footer&lt;/p>&#xa;&lt;p style=&quot;margin-top:1em;&quot;>&lt;h1 style=&quot;font-size:1.2em;&quot;>There are two tabs in the Global Footer Author Dialog, One for Footer Navigation Links and one for Footer Details.&lt;/h1>&lt;/p>&#xa;&lt;p>&lt;b>Footer Navigation Links:&lt;/b>&lt;/p>&#xa;&lt;p>&lt;h1 style=&quot;font-size:1.2em;&quot;>This tab provides the ability to add 1 to many page hyperlinks to the footer. This is accomplished using the Multi-Field control to add, delete, and re-order defined footer links using the Up, Down, and Del buttons.Each link added must have the following fields defined.&#xa;&lt;/b>&lt;/h1>&lt;/p>&#xa;&#xa;&lt;p style=&quot;margin-top:1em;&quot;>&lt;table border=&quot;1&quot; cellspacing=&quot;10&quot; cellpadding=&quot;10&quot;>&#xa;&lt;tbody>&lt;tr>&lt;td width=&quot;151&quot; valign=&quot;top&quot; style=&quot;border:1px solid #ccc;padding:5px;&quot;>&lt;p>&lt;b>Global Footer Display Text&lt;/b>&lt;/p>&#xa;&lt;/td>&#xa;&lt;td width=&quot;487&quot; valign=&quot;top&quot; style=&quot;border:1px solid #ccc;padding:5px;font-size:1.2em;&quot;>&lt;p>Copy that will be displayed to the end user for the link.&lt;/p>&#xa;&lt;/td>&#xa;&lt;/tr>&lt;tr>&lt;td width=&quot;151&quot; valign=&quot;top&quot; style=&quot;border:1px solid #ccc;padding:5px;&quot;>&lt;p>&lt;b>Global Footer URL&lt;/b>&lt;/p>&#xa;&lt;/td>&#xa;&lt;td width=&quot;487&quot; valign=&quot;top&quot; style=&quot;border:1px solid #ccc;padding:5px;font-size:1.2em;&quot;>&lt;p>Internal or External page URL&lt;/p>&#xa;&lt;/td>&#xa;&lt;/tr>&lt;tr>&lt;td width=&quot;151&quot; valign=&quot;top&quot; style=&quot;border:1px solid #ccc;padding:5px;&quot;>&lt;p>&lt;b>Open in New Window&lt;/b>&lt;/p>&#xa;&lt;/td>&#xa;&lt;td width=&quot;487&quot; valign=&quot;top&quot; style=&quot;border:1px solid #ccc;padding:5px;font-size:1.2em;&quot;>&lt;p>Defines whether or not selecting the link will launch a new browser window&lt;/p>&#xa;&lt;/td>&#xa;&lt;/tr>&lt;/tbody>&lt;/table>&lt;/p>&#xa;&lt;p>&lt;br>&#xa;&lt;/p>&#xa;&lt;p style=&quot;margin-top:1em;&quot;>&lt;b>Footer Details:&lt;/b>&lt;/p>&#xa;&lt;p>&lt;h1 style=&quot;font-size:1.2em;&quot;>This tab allows the content author to define other aspects of the footer for localization. The following options are available.&#xa;&lt;/b>&lt;/h1>&lt;/p>&#xa;&#xa;&lt;p style=&quot;margin-top:1em;&quot;>&lt;table border=&quot;1&quot; cellspacing=&quot;10&quot; cellpadding=&quot;10&quot;>&#xa;&lt;tbody>&lt;tr>&lt;td width=&quot;151&quot; valign=&quot;top&quot; style=&quot;border:1px solid #ccc;padding:5px;&quot;>&lt;p>&lt;b>Full Site Link Text&lt;/b>&lt;/p>&#xa;&lt;/td>&#xa;&lt;td width=&quot;487&quot; valign=&quot;top&quot; style=&quot;border:1px solid #ccc;padding:5px;font-size:1.2em;&quot;>&lt;p>Copy that will be displayed to the end user for the Full Browser Site link.&lt;/p>&#xa;&lt;/td>&#xa;&lt;/tr>&lt;tr>&lt;td width=&quot;151&quot; valign=&quot;top&quot; style=&quot;border:1px solid #ccc;padding:5px;&quot;>&lt;p>&lt;b>Full Site Link URL&lt;/b>&lt;/p>&#xa;&lt;/td>&#xa;&lt;td width=&quot;487&quot; valign=&quot;top&quot; style=&quot;border:1px solid #ccc;padding:5px;font-size:1.2em;&quot;>&lt;p>The current mobile site’s corresponding full browser site URL&#xa;NOTE: The full Day CQ URL must be used to prevent an automatic redirect back to the mobile site. For Example, http://www.intel.com/content/www/us/en/homepage.html&#xa;&lt;/p>&#xa;&lt;/td>&#xa;&lt;/tr>&lt;tr>&lt;td width=&quot;151&quot; valign=&quot;top&quot; style=&quot;border:1px solid #ccc;padding:5px;&quot;>&lt;p>&lt;b>Open Full Site in New Window&lt;/b>&lt;/p>&#xa;&lt;/td>&#xa;&lt;td width=&quot;487&quot; valign=&quot;top&quot; style=&quot;border:1px solid #ccc;padding:5px;font-size:1.2em;&quot;>&lt;p>This should be set to Yes at all times. It defines that the full site browser page will open in a new browser window.&lt;/p>&#xa;&lt;/td>&#xa;&lt;tr>&lt;/tr>&#xa;&lt;td width=&quot;151&quot; valign=&quot;top&quot; style=&quot;border:1px solid #ccc;padding:5px;&quot;>&lt;p>&lt;b>Hide Full Site Link&lt;/b>&lt;/p>&#xa;&lt;/td>&#xa;&lt;td width=&quot;487&quot; valign=&quot;top&quot; style=&quot;border:1px solid #ccc;padding:5px;font-size:1.2em;&quot;>&lt;p>Select this checkbox for Mobile sites that do not have a corresponding Full Browser site.&lt;/p>&#xa;&lt;/td>&#xa;&lt;/tr>&lt;tr>&lt;td width=&quot;151&quot; valign=&quot;top&quot; style=&quot;border:1px solid #ccc;padding:5px;&quot;>&lt;p>&lt;b>Trademark Text&lt;/b>&lt;/p>&#xa;&lt;/td>&#xa;&lt;td width=&quot;487&quot; valign=&quot;top&quot; style=&quot;border:1px solid #ccc;padding:5px;font-size:1.2em;&quot;>&lt;p>Trademark Copy that will be displayed in the footer.&#xa;&lt;/p>&#xa;&lt;/td>&#xa;&lt;/tr>&lt;tr>&lt;td width=&quot;151&quot; valign=&quot;top&quot; style=&quot;border:1px solid #ccc;padding:5px;&quot;>&lt;p>&lt;b>Enter Region&lt;/b>&lt;/p>&#xa;&lt;/td>&#xa;&lt;td width=&quot;487&quot; valign=&quot;top&quot; style=&quot;border:1px solid #ccc;padding:5px;font-size:1.2em;&quot;>&lt;p>This is the Country/Language copy that will be displayed in the Country Language selection control.&lt;/p>&#xa;&lt;/td>&#xa;&lt;tr>&lt;/tr>&#xa;&lt;td width=&quot;151&quot; valign=&quot;top&quot; style=&quot;border:1px solid #ccc;padding:5px;&quot;>&lt;p>&lt;b>Region URL&lt;/b>&lt;/p>&#xa;&lt;/td>&#xa;&lt;td width=&quot;487&quot; valign=&quot;top&quot; style=&quot;border:1px solid #ccc;padding:5px;font-size:1.2em;&quot;>&lt;p>Link to the Country Language selection page.&lt;/p>&#xa;&lt;/td>&#xa;&lt;tr>&lt;/tr>&#xa;&lt;td width=&quot;151&quot; valign=&quot;top&quot; style=&quot;border:1px solid #ccc;padding:5px;&quot;>&lt;p>&lt;b>Hide Region URL&lt;/b>&lt;/p>&#xa;&lt;/td>&#xa;&lt;td width=&quot;487&quot; valign=&quot;top&quot; style=&quot;border:1px solid #ccc;padding:5px;font-size:1.2em;&quot;>&lt;p>This allows the country language selector to be hidden in special cases. This should not be selected at any time for a standard mobile site.&lt;/p>&#xa;&lt;/td>&#xa;&lt;/tr>&lt;/tbody>&lt;/table>&lt;/p>&#xa;"
                        name="./label"
                        xtype="label"/>
                </items>
            </info>
        </items>
    </items>
</jcr:root>
