<?xml version="1.0" encoding="UTF-8"?>
<jcr:root xmlns:cq="http://www.day.com/jcr/cq/1.0" xmlns:jcr="http://www.jcp.org/jcr/1.0" xmlns:nt="http://www.jcp.org/jcr/nt/1.0"
    jcr:primaryType="cq:Dialog"
    title="Product Details"
    width="100%"
    xtype="dialog">
    <items jcr:primaryType="cq:TabPanel">
        <items jcr:primaryType="cq:WidgetCollection">
            <tab1
                jcr:primaryType="cq:Panel"
                title="Product Details">
                <items jcr:primaryType="cq:WidgetCollection">
                    <tagline
                        jcr:primaryType="nt:unstructured"
                        fieldDescription="Tagline of the Product."
                        fieldLabel="Tagline"
                        maxLength="{Long}69"
                        maxLengthText="The maximum length for this field is 69"
                        name="./tagline"
                        validateOnBlur="true"
                        xtype="textfield"/>
                    <description
                        jcr:primaryType="nt:unstructured"
                        fieldDescription="Product Description."
                        fieldLabel="Description"
                        name="./description"
                        validateOnBlur="true"
                        xtype="richtext">
                        <rtePlugins jcr:primaryType="nt:unstructured">
                            <styles
                                jcr:primaryType="nt:unstructured"
                                features="*"/>
                            <paraformat
                                jcr:primaryType="nt:unstructured"
                                features="*"/>
                            <subsuperscript
                                jcr:primaryType="nt:unstructured"
                                features="*"/>
                            <misctools
                                jcr:primaryType="nt:unstructured"
                                features="*"/>
                            <lists
                                jcr:primaryType="nt:unstructured"
                                features="*"/>
                            <image
                                jcr:primaryType="nt:unstructured"
                                features="*"/>
                        </rtePlugins>
                    </description>
                    <sameornewwindow
                        jcr:primaryType="cq:Widget"
                        allowBlank="{Boolean}false"
                        defaultValue="no"
                        fieldLabel="Show Retailers in new window"
                        name="./newwindow"
                        type="select"
                        value="no"
                        width="20"
                        xtype="selection">
                        <options jcr:primaryType="cq:WidgetCollection">
                            <no
                                jcr:primaryType="nt:unstructured"
                                text="No"
                                value="no"/>
                            <yes
                                jcr:primaryType="nt:unstructured"
                                text="Yes"
                                value="yes"/>
                        </options>
                    </sameornewwindow>
                    <audience
                        jcr:primaryType="cq:Widget"
                        allowBlank="{Boolean}true"
                        defaultValue="Home"
                        fieldLabel="Audience Type"
                        name="./audience"
                        type="select"
                        value="no"
                        width="20"
                        xtype="selection">
                        <options jcr:primaryType="cq:WidgetCollection">
                            <home
                                jcr:primaryType="nt:unstructured"
                                text="Home"
                                value="home"/>
                            <business
                                jcr:primaryType="nt:unstructured"
                                text="Business"
                                value="business"/>
                            <all
                                jcr:primaryType="nt:unstructured"
                                text="All"
                                value="home,business"/>
                        </options>
                    </audience>
                    <listingpagelink
                        jcr:primaryType="cq:Widget"
                        defaultValue="hide"
                        fieldDescription="Show/Hide Link to the Product Listing Page"
                        fieldLabel="Link to the Product Listing Page"
                        name="./listlink"
                        type="select"
                        xtype="selection">
                        <options jcr:primaryType="cq:WidgetCollection">
                            <show
                                jcr:primaryType="nt:unstructured"
                                text="Show"
                                value="show"/>
                            <hide
                                jcr:primaryType="nt:unstructured"
                                text="Hide"
                                value="hide"/>
                        </options>
                    </listingpagelink>
                </items>
            </tab1>
            <info
                jcr:primaryType="cq:Panel"
                title="Info Tab">
                <items jcr:primaryType="cq:WidgetCollection">
                    <information
                        jcr:primaryType="cq:Widget"
                        html="&lt;p>&lt;b>&lt;/b>&lt;/p>&#xa;&lt;p>&lt;h1 style=&quot;font-size:1.35em;&quot;>&lt;b>Product Details Component&lt;/b>&lt;/h1>&lt;/p>&#xa;&lt;p>&lt;/p>&#xa;&lt;p>&lt;h1 style=&quot;font-size:1.2em;&quot;>SHOP API Product Detail pages are dynamically created and updated via the SHOP Data API.  The core aspects of the page content will be sourced from the API. This includes, the product image title, price, feature bullet points, processor specs, retail partner purchase link, and a similar product carousel. In addition a content author has the ability to add onto this content via the CMS. This section will detail those Authoring options.  &lt;/h1>&lt;/p>&#xa;&lt;p style=&quot;margin-top:1em;&quot;>&lt;b style=&quot;font-size:1.35em;&quot;>Authoring Options &lt;/b>&lt;/p>&#xa;&lt;p style=&quot;margin-top:1em;&quot; >&lt;h1 style=&quot;font-size:1.2em;&quot;>1.&#x9;Product Details&lt;/h1>&lt;/p>&#xa;&lt;p style=&quot;margin-top:1em;&quot; >&lt;h1 style=&quot;font-size:1.2em;&quot;>2.&#x9;Feature Bullets&lt;/h1>&lt;/p>&#xa;&lt;p style=&quot;margin-top:1em;&quot; >&lt;h1 style=&quot;font-size:1.2em;&quot;>3.&#x9;External Links&lt;/h1>&lt;/p>&#xa;&lt;p style=&quot;margin-top:1em;&quot; >&lt;h1 style=&quot;font-size:1.2em;&quot;>4.&#x9;CMS Components&lt;/h1>&lt;/p>&#xa;&lt;p style=&quot;margin-top:1em;&quot; >&lt;h1 style=&quot;font-size:1.2em;&quot;>There are a few areas of the Product Details component that contain authoring options.&lt;/h1>&lt;/p>&#xa;&lt;p style=&quot;margin-top:1em;&quot;>&lt;b style=&quot;font-size:1.35em;&quot;>Product Details &lt;/b>&lt;/p>&#xa;&lt;p style=&quot;margin-top:1em;&quot; >&lt;h1 style=&quot;font-size:1.2em;&quot;>Mouse over the product image, right click, and select Edit. This will launch the Product Details author dialog. &lt;/h1>&lt;/p>&#xa;&lt;p style=&quot;margin-top:1em;&quot;>&lt;table border=&quot;1&quot; cellspacing=&quot;10&quot; cellpadding=&quot;10&quot;>&#xa;&lt;tbody>&lt;tr>&lt;td width=&quot;151&quot; valign=&quot;top&quot; style=&quot;border:1px solid #ccc;padding:5px;&quot;>&lt;p>&lt;b>Tagline&lt;/b>&lt;/p>&#xa;&lt;/td>&#xa;&lt;td width=&quot;487&quot; valign=&quot;top&quot; style=&quot;border:1px solid #ccc;padding:5px;font-size:1.2em;&quot;>&lt;p>Optional CMS marketing tagline. This will appear below the price and is styled as a bold heading text. It is intended to be a short marketing pitch for the product. &#xa;&lt;/p>&#xa;&lt;/td>&#xa;&lt;tr>&lt;/tr>&#xa;&lt;td width=&quot;151&quot; valign=&quot;top&quot; style=&quot;border:1px solid #ccc;padding:5px;&quot;>&lt;p>&lt;b>Description&lt;/b>&lt;/p>&#xa;&lt;/td>&#xa;&lt;td width=&quot;487&quot; valign=&quot;top&quot; style=&quot;border:1px solid #ccc;padding:5px;font-size:1.2em;&quot;>&lt;p>Optional CMS description. This will appear below the tagline and is intended to provide a longer marketing description of the product&#xa;&lt;/p>&#xa;&lt;/td>&#xa;&lt;tr>&lt;/tr>&#xa;&lt;td width=&quot;151&quot; valign=&quot;top&quot; style=&quot;border:1px solid #ccc;padding:5px;&quot;>&lt;p>&lt;b>Add to Compare Button&lt;/b>&lt;/p>&#xa;&lt;/td>&#xa;&lt;td width=&quot;487&quot; valign=&quot;top&quot; style=&quot;border:1px solid #ccc;padding:5px;font-size:1.2em;&quot;>&lt;p>This must be set to “Hide”. &#xa;In the future it may be turned on as part of a wider site enhancement. &#xa;&lt;/p>&#xa;&lt;/td>&#xa;&lt;tr>&lt;/tr>&#xa;&lt;td width=&quot;151&quot; valign=&quot;top&quot; style=&quot;border:1px solid #ccc;padding:5px;&quot;>&lt;p>&lt;b>Show retailers in New Window. &lt;/b>&lt;/p>&#xa;&lt;/td>&#xa;&lt;td width=&quot;487&quot; valign=&quot;top&quot; style=&quot;border:1px solid #ccc;padding:5px;font-size:1.2em;&quot;>&lt;p>This must be set to “Yes”&#xa;This instructs the system to open retail partner links in a new browser window. &#xa;&lt;/p>&#xa;&lt;/td>&#xa;&lt;/tr>&lt;/tbody>&lt;/table>&lt;/p>&#xa;"
                        name="./label"
                        xtype="label"/>
                </items>
            </info>
        </items>
    </items>
</jcr:root>
