<?xml version="1.0" encoding="UTF-8"?>
<jcr:root xmlns:cq="http://www.day.com/jcr/cq/1.0" xmlns:jcr="http://www.jcp.org/jcr/1.0" xmlns:nt="http://www.jcp.org/jcr/nt/1.0"
    jcr:primaryType="cq:Dialog"
    title="Article Details Podcast"
    width="100%"
    xtype="dialog">
    <items
        jcr:primaryType="cq:Widget"
        xtype="tabpanel">
        <items jcr:primaryType="cq:WidgetCollection">
            <tab1
                jcr:primaryType="cq:Panel"
                title="Podcast Content">
                <items jcr:primaryType="cq:WidgetCollection">
                    <videoid
                        jcr:primaryType="cq:Widget"
                        allowBlank="false"
                        fieldLabel="Video ID (Brigthcove)"
                        name="./videoid"
                        xtype="textfield"/>
                    <video
                        jcr:primaryType="cq:Widget"
                        allowBlank="false"
                        editable="{Boolean}true"
                        fieldDescription="Upload Content"
                        fieldLabel="Video Thumbnail"
                        name="./heroimage"
                        predicate="hierarchy"
                        xtype="pathfield"/>
                    <contenttitle
                        jcr:primaryType="nt:unstructured"
                        fieldDescription="Title of the Content"
                        fieldLabel="Content Title"
                        name="./contenttitle"
                        validateOnBlur="true"
                        xtype="textfield"/>
                    <content
                        jcr:primaryType="nt:unstructured"
                        fieldDescription="Text of the Content Item"
                        fieldLabel="Content Text"
                        grow="true"
                        name="./contenttext"
                        validateOnBlur="true"
                        xtype="richtext">
                        <rtePlugins jcr:primaryType="nt:unstructured">
                            <image
                                jcr:primaryType="nt:unstructured"
                                features="*"/>
                            <lists
                                jcr:primaryType="nt:unstructured"
                                features="*"/>
                            <misctools
                                jcr:primaryType="nt:unstructured"
                                features="*"/>
                            <paraformat
                                jcr:primaryType="nt:unstructured"
                                features="*"/>
                            <styles
                                jcr:primaryType="nt:unstructured"
                                features="*"/>
                            <subsuperscript
                                jcr:primaryType="nt:unstructured"
                                features="*"/>
                        </rtePlugins>
                    </content>
                    <cols
                        jcr:primaryType="cq:Widget"
                        allowBlank="false"
                        disabled="false"
                        fieldDescription="Please enter no. of columns required"
                        fieldLabel="No. of columns :"
                        maxValue="3"
                        name="./cols"
                        validator="function(value) { var numericExpression = /^[0-9]+$/;&#x9;if(value&lt;=0)&#x9;{&#x9; alert(&quot;Value should be greater than 0&quot;);&#x9; return false;&#x9; }&#x9;if(!value.match(numericExpression))&#x9;{ alert(&quot;Columns value should not be in decimal&quot;);&#x9; return false;&#x9; } return true;}"
                        xtype="numberfield"/>
                </items>
            </tab1>
        </items>
    </items>
</jcr:root>
