<?xml version="1.0" encoding="UTF-8"?>
<jcr:root xmlns:cq="http://www.day.com/jcr/cq/1.0" xmlns:jcr="http://www.jcp.org/jcr/1.0" xmlns:nt="http://www.jcp.org/jcr/nt/1.0"
    jcr:primaryType="cq:Dialog"
    title="Alternate Showcase Heading Component"
    width="100%"
    xtype="dialog">
    <items
        jcr:primaryType="cq:Widget"
        xtype="tabpanel">
        <items jcr:primaryType="cq:WidgetCollection">
            <tab1
                jcr:primaryType="cq:Panel"
                title="Config">
                <items jcr:primaryType="cq:WidgetCollection">
                    <producttitle
                        jcr:primaryType="nt:unstructured"
                        allowBlank="{Boolean}false"
                        fieldDescription="Title of the Product."
                        fieldLabel="Product Title"
                        name="./title"
                        validateOnBlur="true"
                        xtype="textfield"/>
                    <headingcopy
                        jcr:primaryType="nt:unstructured"
                        allowBlank="{Boolean}false"
                        fieldDescription="Content heading  of the tab."
                        fieldLabel="Heading of Content"
                        maxLength="{Long}69"
                        maxLengthText="The maximum length for this field is 69"
                        name="./headingcopy"
                        validateOnBlur="true"
                        xtype="textfield"/>
                    <bodytextcopy
                        jcr:primaryType="nt:unstructured"
                        allowBlank="{Boolean}false"
                        fieldDescription="Content body of the tab."
                        fieldLabel="Body Text copy"
                        grow="true"
                        name="./bodytext"
                        validateOnBlur="true"
                        xtype="richtext">
                        <rtePlugins jcr:primaryType="nt:unstructured">
                            <styles
                                jcr:primaryType="nt:unstructured"
                                features="*"/>
                            <paraformat
                                jcr:primaryType="nt:unstructured"
                                features="*"/>
                            <subsuperscript
                                jcr:primaryType="nt:unstructured"
                                features="*"/>
                            <misctools
                                jcr:primaryType="nt:unstructured"
                                features="*"/>
                            <lists
                                jcr:primaryType="nt:unstructured"
                                features="*"/>
                            <image
                                jcr:primaryType="nt:unstructured"
                                features="*"/>
                        </rtePlugins>
                    </bodytextcopy>
                    <linkCopy
                        jcr:primaryType="cq:Widget"
                        fieldLabel="Link Display Copy"
                        name="./linkCopy"
                        validateOnBlur="true"
                        xtype="textfield"/>
                    <linkUrl
                        jcr:primaryType="cq:Widget"
                        allowBlank="{Boolean}true"
                        editable="{Boolean}true"
                        fieldLabel="Link Url"
                        name="./linkUrl"
                        predicate="hierarchy"
                        xtype="pathfield"/>
                    <sameornewwindow
                        jcr:primaryType="cq:Widget"
                        allowBlank="{Boolean}true"
                        defaultValue="no"
                        fieldLabel="Open in new window"
                        name="./newwindow"
                        type="select"
                        width="20"
                        xtype="selection">
                        <options jcr:primaryType="cq:WidgetCollection">
                            <no
                                jcr:primaryType="nt:unstructured"
                                text="No"
                                value="no"/>
                            <yes
                                jcr:primaryType="nt:unstructured"
                                text="Yes"
                                value="yes"/>
                        </options>
                    </sameornewwindow>
                    <imagealttext
                        jcr:primaryType="nt:unstructured"
                        allowBlank="{Boolean}false"
                        fieldDescription="Alt Text for Image"
                        fieldLabel="Image Alt Text"
                        name="./alttext"
                        validateOnBlur="true"
                        xtype="textfield"/>
                    <displaysocial
                        jcr:primaryType="cq:Widget"
                        allowBlank="{Boolean}true"
                        defaultValue="no"
                        fieldLabel="Display Social"
                        name="./displaysocial"
                        type="select"
                        value="no"
                        width="20"
                        xtype="selection">
                        <options jcr:primaryType="cq:WidgetCollection">
                            <no
                                jcr:primaryType="nt:unstructured"
                                text="No"
                                value="no"/>
                            <yes
                                jcr:primaryType="nt:unstructured"
                                text="Yes"
                                value="yes"/>
                        </options>
                    </displaysocial>
                </items>
            </tab1>
            <productimage
                jcr:primaryType="cq:Widget"
                allowUpload="{Boolean}false"
                ddGroups="[media]"
                fileNameParameter="./imageFileName"
                fileReferenceParameter="./heroimageReference"
                name="./contentImage"
                title="Image1"
                xtype="smartimage"/>
            <productimage1
                jcr:primaryType="cq:Widget"
                allowUpload="{Boolean}false"
                ddGroups="[media]"
                fileNameParameter="./imageFileName1"
                fileReferenceParameter="./picture1"
                name="./contentImage2"
                title="Image2"
                xtype="smartimage"/>
            <productimage2
                jcr:primaryType="cq:Widget"
                allowUpload="{Boolean}false"
                ddGroups="[media]"
                fileNameParameter="./imageFileName2"
                fileReferenceParameter="./picture2"
                name="./contentImage3"
                title="Image3"
                xtype="smartimage"/>
            <productimage3
                jcr:primaryType="cq:Widget"
                allowUpload="{Boolean}false"
                ddGroups="[media]"
                fileNameParameter="./imageFileName3"
                fileReferenceParameter="./picture3"
                name="./contentImage4"
                title="Image4"
                xtype="smartimage"/>
            <productimage4
                jcr:primaryType="cq:Widget"
                allowUpload="{Boolean}false"
                ddGroups="[media]"
                fileNameParameter="./imageFileName4"
                fileReferenceParameter="./picture4"
                name="./contentImage5"
                title="Image5"
                xtype="smartimage"/>
            <productimage5
                jcr:primaryType="cq:Widget"
                allowUpload="{Boolean}false"
                ddGroups="[media]"
                fileNameParameter="./imageFileName5"
                fileReferenceParameter="./picture5"
                name="./contentImage6"
                title="Image6"
                xtype="smartimage"/>
            <info
                jcr:primaryType="cq:Panel"
                title="Info Tab">
                <items jcr:primaryType="cq:WidgetCollection">
                    <information
                        jcr:primaryType="cq:Widget"
                        html="&lt;p>&lt;b>&lt;/b>&lt;/p>&#xa;&lt;p>&lt;h1 style=&quot;font-size:1.35em;&quot;>&lt;b>Showcase Heading Component:&lt;/b>&lt;/h1>&lt;/p>&#xa;&lt;p>&lt;/p>&#xa;&lt;p>&lt;h1 style=&quot;font-size:1.2em;&quot;>The Showcase Heading component exists at the top of every showcase page. It is include by default in the showcase page template. It is intended to the hero space of the page and give the user an introduction to the product family or category highlighted by the showcase page. &lt;/h1>&lt;/p>&#xa;&lt;p>&lt;/p>&#xa;&lt;p style=&quot;margin-top:1em;&quot;>&lt;b style=&quot;font-size:1.35em;&quot;>Authoring options:&lt;/b>&lt;/p>&#xa;&lt;p style=&quot;margin-top:1em;&quot;>&lt;h1 style=&quot;font-size:1.2em;&quot;>The author dialog for the Showcase Heading component contains two tabs: Config &amp; Hero Image. The Config tab contains all primary authoring options for the component. The Hero Image tab is used by a content author to define the large hero image at the top of the component. &lt;/h1>&lt;/p>&#xa;&lt;p>&#xa;&lt;table border=&quot;1&quot; cellspacing=&quot;10&quot; cellpadding=&quot;10&quot;>&#xa;&lt;tbody>&lt;tr>&lt;td width=&quot;151&quot; valign=&quot;top&quot; style=&quot;border:1px solid #ccc;padding:5px; &quot;>&lt;p>&lt;b>Product Title&lt;/b>&lt;/p>&#xa;&lt;/td>&#xa;&lt;td width=&quot;487&quot; valign=&quot;top&quot; style=&quot;border:1px solid #ccc; padding:5px; font-size:1.2em;&quot;>&lt;p>Copy which is displayed at the Page Title&lt;/p>&#xa;&lt;/td>&#xa;&lt;/tr>&lt;tr>&lt;td width=&quot;151&quot; valign=&quot;top&quot; style=&quot;border:1px solid #ccc ;padding:5px;&quot;>&lt;p>&lt;b>Heading of Content&lt;/b>&lt;/p>&#xa;&lt;/td>&#xa;&lt;td width=&quot;487&quot; valign=&quot;top&quot; style=&quot;border:1px solid #ccc ;padding:5px; font-size:1.2em;&quot;>&lt;p>Displayed below the Hero image as the Heading of the component body text.&lt;/p>&#xa;&lt;/td>&#xa;&lt;/tr>&lt;tr>&lt;td width=&quot;151&quot; valign=&quot;top&quot; style=&quot;border:1px solid #ccc ;padding:5px;&quot;>&lt;p>&lt;b>Body Text copy&lt;/b>&lt;/p>&#xa;&lt;/td>&#xa;&lt;td width=&quot;487&quot; valign=&quot;top&quot; style=&quot;border:1px solid #ccc ;padding:5px; font-size:1.2em;&quot;>&lt;p>Body text displayed in the white area at the center of the component.&lt;/p>&#xa;&lt;/td>&#xa;&lt;/tr>&lt;tr>&lt;td width=&quot;151&quot; valign=&quot;top&quot; style=&quot;border:1px solid #ccc ;padding:5px;&quot;>&lt;p>&lt;b>Link Display Copy&lt;/b>&lt;/p>&#xa;&lt;/td>&#xa;&lt;td width=&quot;487&quot; valign=&quot;top&quot; style=&quot;border:1px solid #ccc ;padding:5px;font-size:1.2em;&quot;>&lt;p>The Call to Action link copy. This is intended to be used as a link to an available Product Listing page. Leave blank if one is not available.&#xa;NOTE: the call to action copy should end with a “>” to identify it as a link. &#xa;&lt;/p>&#xa;&lt;/td>&#xa;&lt;tr>&lt;/tr>&#xa;&lt;td width=&quot;151&quot; valign=&quot;top&quot; style=&quot;border:1px solid #ccc ;padding:5px;&quot;>&lt;p>&lt;b>Link URL&lt;/b>&lt;/p>&#xa;&lt;/td>&#xa;&lt;td width=&quot;487&quot; valign=&quot;top&quot; style=&quot;border:1px solid #ccc ;padding:5px;font-size:1.2em;&quot;>&lt;p>Internal page URL. This is intended to be a link to the corresponding Product Listing page. Leave blank if one is not available. &#xa;&lt;/p>&#xa;&lt;/td>&#xa;&lt;tr>&lt;/tr>&#xa;&lt;td width=&quot;151&quot; valign=&quot;top&quot; style=&quot;border:1px solid #ccc ;padding:5px;&quot;>&lt;p>&lt;b>Image Alt Text&lt;/b>&lt;/p>&#xa;&lt;/td>&#xa;&lt;td width=&quot;487&quot; valign=&quot;top&quot; style=&quot;border:1px solid #ccc ;padding:5px;font-size:1.2em;&quot;>&lt;p>Alt Text used for the Hero Image. This is important for accessibility and SEO  &#xa;&lt;/p>&#xa;&lt;/td>&#xa;&lt;tr>&lt;/tr>&#xa;&lt;td width=&quot;151&quot; valign=&quot;top&quot; style=&quot;border:1px solid #ccc ;padding:5px;&quot;>&lt;p>&lt;b>Display Social&lt;/b>&lt;/p>&#xa;&lt;/td>&#xa;&lt;td width=&quot;487&quot; valign=&quot;top&quot; style=&quot;border:1px solid #ccc ;padding:5px;font-size:1.2em;&quot;>&lt;p>Toggle Social Media share links On/Off. All sites and pages should have these set to ON except for extenuating circumstances   &#xa;&lt;/p>&#xa;&lt;/td>&#xa;&#xa;&lt;/tr>&lt;/tbody>&lt;/table>&lt;/p>&#xa;&lt;p style=&quot;margin-top:1em;&quot;>&lt;b style=&quot;font-size:1.35em;&quot;>HERO Image Sizing Guide:&lt;/b>&lt;/p>&#xa;&lt;p>&lt;h1 style=&quot;font-size:1.2em;&quot;>The Hero Image is defined by dragging and dropping a image form the DAM onto the second tab of the author dialog. When optimizing image,account for the Body copy layering over the bottom section of the image.  &lt;/h1>&lt;/p>&#xa;&lt;p>&#xa;&lt;h1 style=&quot;font-size:1.2em;&quot;>Image Width x Height - 640 x 320 &lt;/h1>&#xa;&lt;h1 style=&quot;font-size:1.2em;&quot;>Suggested Max Size - 24k &lt;/h1>&#xa;&lt;/p>&#xa;&#xa;&#xa;&#xa;&#xa;&#xa;&#xa;&#xa;&#xa;&#xa;&#xa;&#xa;&#xa;&#xa;&#xa;"
                        name="./label"
                        xtype="label"/>
                </items>
            </info>
        </items>
    </items>
    <listeners
        jcr:primaryType="nt:unstructured"
        beforesubmit="function(dialog){ return IntelUtils.checkImageSizeOfCarouselImageHero(dialog,'320_315_300',640);}"/>
</jcr:root>
