<?xml version="1.0" encoding="UTF-8"?>
<jcr:root xmlns:cq="http://www.day.com/jcr/cq/1.0" xmlns:jcr="http://www.jcp.org/jcr/1.0" xmlns:nt="http://www.jcp.org/jcr/nt/1.0"
    jcr:primaryType="cq:Dialog"
    title="Featurephone List Component"
    width="100%"
    xtype="dialog">
    <items
        jcr:primaryType="cq:Widget"
        xtype="tabpanel">
        <items jcr:primaryType="cq:WidgetCollection">
            <content
                jcr:primaryType="cq:Panel"
                title="Content">
                <items jcr:primaryType="cq:WidgetCollection">
                    <links
                        jcr:primaryType="cq:Widget"
                        customMultiFieldName="./topiclinks"
                        fieldDescription="Click the '+' to add a new filter item."
                        fieldLabel="Links"
                        maxItems="12"
                        name="./topiclinks"
                        xtype="custommultifield">
                        <fieldConfig jcr:primaryType="cq:WidgetCollection">
                            <linkcopy
                                jcr:primaryType="cq:Widget"
                                allowBlank="{Boolean}false"
                                fieldLabel="Link Copy"
                                name="./linkcopy"
                                xtype="textfield"/>
                            <linkpath
                                jcr:primaryType="cq:Widget"
                                allowBlank="{Boolean}false"
                                editable="{Boolean}true"
                                fieldLabel="Link Path"
                                name="./linkpath"
                                predicate="hierarchy"
                                xtype="pathfield"/>
                        </fieldConfig>
                    </links>
                </items>
            </content>
            <heroimage
                jcr:primaryType="cq:Widget"
                allowUpload="{Boolean}false"
                ddGroups="[media]"
                fileNameParameter="./heroImageName"
                fileReferenceParameter="./heroImageReference"
                name="./heroimagename"
                title="Hero Image"
                xtype="smartimage"/>
            <info
                jcr:primaryType="cq:Panel"
                title="Info Tab">
                <items jcr:primaryType="cq:WidgetCollection">
                    <information
                        jcr:primaryType="cq:Widget"
                        html="&lt;p>&#xa;&#x9;&lt;b>&lt;/b>&#xa;&lt;/p>&#xa;&lt;p>&#xa;&#x9;&lt;h1 style=&quot;font-size:1.35em;&quot;>&#xa;&#x9;&#x9;&lt;b>Feature Phone List :&lt;/b>&#xa;&#x9;&lt;/h1>&#xa;&lt;/p>&#xa;&lt;p>&lt;/p>&#xa;&lt;p>&#xa;&#x9;&lt;h1 style=&quot;font-size:1.2em;&quot;>The second available Feature Phone component is the Feature Phone List component. This component is intended to support hyperlink lists of available content. It can be used to externally link users or direct users to further Feature Phone content within a site.&lt;/h1>&#xa;&lt;/p>&#xa;&lt;p>&lt;/p>&#xa;&lt;p style=&quot;margin-top:1em;&quot;>&#xa;&#x9;&lt;b style=&quot;font-size:1.35em;&quot;>Authoring options:&lt;/b>&#xa;&lt;/p>&#xa;&lt;p>&#xa;&#x9;&lt;h1 style=&quot;font-size:1.2em;&quot;> &#xa;&#x9;&#x9;The Feature Phone List Component allows a content author to add a hero image as well as 1 to N hyperlinks. &#xa;&#x9;&lt;/h1>&#xa;&lt;/p>&#xa;&lt;p>&#xa;&#x9;&lt;b>&#xa;&#x9;&#x9;&lt;br type=&quot;_moz&quot;>&#xa;&#x9;&lt;/b>&#xa;&lt;/p>&#xa;&lt;table border=&quot;1&quot; cellspacing=&quot;10&quot; cellpadding=&quot;10&quot;>&#xa;&#x9;&lt;tbody>&#xa;&#x9;&#x9;&lt;tr>&#xa;&#x9;&#x9;&#x9;&lt;td width=&quot;151&quot; valign=&quot;top&quot; style=&quot;border:1px solid #ccc;padding:5px; &quot;>&#xa;&#x9;&#x9;&#x9;&#x9;&lt;p>&#xa;&#x9;&#x9;&#x9;&#x9;&#x9;&lt;b>Link Copy&lt;/b>&#xa;&#x9;&#x9;&#x9;&#x9;&lt;/p>&#xa;&#x9;&#x9;&#x9;&lt;/td>&#xa;&#x9;&#x9;&#x9;&lt;td width=&quot;487&quot; valign=&quot;top&quot; style=&quot;border:1px solid #ccc; padding:5px; font-size:1.2em;&quot;>&#xa;&#x9;&#x9;&#x9;&#x9;&lt;p>End user display copy for hyperlink&lt;/p>&#xa;&#x9;&#x9;&#x9;&lt;/td>&#xa;&#x9;&#x9;&lt;/tr>&#xa;&#x9;&#x9;&lt;tr>&#xa;&#x9;&#x9;&#x9;&lt;td width=&quot;151&quot; valign=&quot;top&quot; style=&quot;border:1px solid #ccc ;padding:5px;&quot;>&#xa;&#x9;&#x9;&#x9;&#x9;&lt;p>&#xa;&#x9;&#x9;&#x9;&#x9;&#x9;&lt;b>Link Path&lt;/b>&#xa;&#x9;&#x9;&#x9;&#x9;&lt;/p>&#xa;&#x9;&#x9;&#x9;&lt;/td>&#xa;&#x9;&#x9;&#x9;&lt;td width=&quot;487&quot; valign=&quot;top&quot; style=&quot;border:1px solid #ccc ;padding:5px; font-size:1.2em;&quot;>&#xa;&#x9;&#x9;&#x9;&#x9;&lt;p>URL path of specific link.&lt;/p>&#xa;&#x9;&#x9;&#x9;&lt;/td>&#xa;&#x9;&#x9;&lt;/tr>&#x9;&#x9;&#x9;&#xa;&#x9;&lt;/tbody>&#xa;&lt;/table>&#xa;&lt;p>&#xa;&#x9;&lt;br>&#xa;&lt;/p>&#xa;&lt;p style=&quot;margin-top:1em;&quot;>&lt;b style=&quot;font-size:1.35em;&quot;>Hero Image Sizing Guide: &lt;/b>&lt;/p>&#xa;&lt;p>&lt;h1 style=&quot;font-size:1.2em;&quot;>The Hero Image is defined by dragging and dropping a image form the DAM onto the second tab of the author dialog.&lt;/h1>&lt;/p>&#xa;&lt;p>&#xa;&lt;h1 style=&quot;font-size:1.2em;&quot;>Image Width x Height - 640 x 290 &lt;/h1>&#xa;&lt;/p>&#xa;&lt;p>&#xa;&#x9;&lt;b>&#xa;&#x9;&#x9;&lt;br type=&quot;_moz&quot;>&#xa;&#x9;&lt;/b>&#xa;&lt;/p>&#xa;&lt;p>&#xa;&#x9;&lt;b>&#xa;&#x9;&#x9;&lt;br type=&quot;_moz&quot;>&#xa;&#x9;&lt;/b>&#xa;&lt;/p>&#xa;&lt;/p>&#xa;&lt;p style=&quot;text-align: right;&quot;>&#xa;&#x9;&lt;b>&#xa;&#x9;&#x9;&lt;i>&#xa;&#x9;&#x9;&#x9;&lt;br type=&quot;_moz&quot;>&#xa;&#x9;&#x9;&lt;/i>&#xa;&#x9;&lt;/b>&#xa;&lt;/p>"
                        name="./label"
                        xtype="label"/>
                </items>
            </info>
        </items>
    </items>
    <listeners
        jcr:primaryType="nt:unstructured"
        beforesubmit="function(dialog){ return IntelUtils.checkImageSizeOfSingleImage(dialog,'./heroimagename',290,640);}"/>
</jcr:root>
