<?xml version="1.0" encoding="UTF-8"?>
<beans xmlns="http://www.springframework.org/schema/beans"
	xmlns:xsi="http://www.w3.org/2001/XMLSchema-instance" xmlns:cache="http://www.springframework.org/schema/cache"
	xmlns:p="http://www.springframework.org/schema/p" xmlns:context="http://www.springframework.org/schema/context"
	xsi:schemaLocation="http://www.springframework.org/schema/beans http://www.springframework.org/schema/beans/spring-beans.xsd
		http://www.springframework.org/schema/context http://www.springframework.org/schema/context/spring-context-3.0.xsd
        http://www.springframework.org/schema/cache http://www.springframework.org/schema/cache/spring-cache.xsd">
	<context:component-scan base-package="com.uhc.mycache" />
	<!-- <cache:annotation-driven />
	<bean id="ehcache"
		class="org.springframework.cache.ehcache.EhCacheManagerFactoryBean">
		<property name="configLocation" value="/META-INF/spring/ehcache.xml" />
	</bean>
	<bean id="cacheManager" class="org.springframework.cache.ehcache.EhCacheCacheManager">
		<property name="cacheManager" ref="ehcache" />
	</bean> -->
	 <bean id="iHelloWorld" class="com.intel.mobile.test.HelloWorld" />
	 <bean id="bean" class="com.intel.mobile.test.MyBean" />
	 <bean id="myServlet" class="com.intel.mobile.test.MyServlet" />
	 <bean id="dynamicFilterServlet" class="com.intel.mobile.servlets.DynamicFilterServlet" />
</beans>