<?xml version="1.0" encoding="UTF-8" ?>
<beans xmlns="http://www.springframework.org/schema/beans"
	xmlns:xsi="http://www.w3.org/2001/XMLSchema-instance" xmlns:osgi="http://www.springframework.org/schema/osgi"
	xsi:schemaLocation="http://www.springframework.org/schema/beans http://www.springframework.org/schema/beans/spring-beans.xsd http://www.springframework.org/schema/osgi http://www.springframework.org/schema/osgi/spring-osgi.xsd">

	<osgi:service ref="iHelloWorld" interface="com.intel.mobile.test.IHelloWorld" />
	<osgi:service ref="myServlet" interface="javax.servlet.Servlet">
		<osgi:service-properties>
			<entry key="sling.servlet.paths" value="/apps/intelmobile/components/content/myServletService" />
			<entry key="sling.servlet.methods" value="GET" />
		</osgi:service-properties>
	</osgi:service>
	<osgi:service ref="dynamicFilterServlet" interface="javax.servlet.Servlet">
		<osgi:service-properties>
			<entry key="sling.servlet.paths" value="/bin/DynamicFilter" />
			<entry key="sling.servlet.methods" value="GET" />
		</osgi:service-properties>
	</osgi:service>
</beans>