<?xml version="1.0" encoding="UTF-8"?>
<jcr:root xmlns:cq="http://www.day.com/jcr/cq/1.0" xmlns:jcr="http://www.jcp.org/jcr/1.0" xmlns:nt="http://www.jcp.org/jcr/nt/1.0"
    jcr:primaryType="cq:Dialog"
    title="Activated Pages Utility"
    width="100%"
    xtype="dialog">
    <items
        jcr:primaryType="cq:Widget"
        xtype="tabpanel">
        <items jcr:primaryType="cq:WidgetCollection">
            <categorytab
                jcr:primaryType="cq:Panel"
                title="Category Options">
                <items jcr:primaryType="cq:WidgetCollection">
                    <categoryoptions
                        jcr:primaryType="cq:Widget"
                        allowBlank="{Boolean}true"
                        defaultValue="ultrabooks"
                        fieldDescription="Please Select a Valid Product Category"
                        fieldLabel="Category Options"
                        name="./category"
                        type="select"
                        value="no"
                        width="20"
                        xtype="selection">
                        <options jcr:primaryType="cq:WidgetCollection">
                            <ultrabooks
                                jcr:primaryType="nt:unstructured"
                                text="Ultrabooks"
                                value="ultrabooks"/>
                            <allinones
                                jcr:primaryType="nt:unstructured"
                                text="All In Ones"
                                value="allinones"/>
                            <desktop
                                jcr:primaryType="nt:unstructured"
                                text="Desktops"
                                value="desktop"/>
                            <tablets
                                jcr:primaryType="nt:unstructured"
                                text="Tablets"
                                value="tablets"/>
                            <smartphones
                                jcr:primaryType="nt:unstructured"
                                text="Smartphones"
                                value="smartphones"/>
                            <laptops
                                jcr:primaryType="nt:unstructured"
                                text="Laptops"
                                value="laptop"/>
                            <motherboards
                                jcr:primaryType="nt:unstructured"
                                text="Motherboards"
                                value="motherboards"/>
                            <ssd
                                jcr:primaryType="nt:unstructured"
                                text="Solid State Drives"
                                value="ssd"/>
                        </options>
                    </categoryoptions>
                </items>
            </categorytab>
            <tagstab
                jcr:primaryType="cq:Panel"
                title="Tag Options">
                <items jcr:primaryType="cq:WidgetCollection">
                    <hero
                        jcr:primaryType="cq:Widget"
                        customMultiFieldName="./questions"
                        fieldDescription="Click '+' to add a new option"
                        fieldLabel="Tag Options"
                        maxItems="30"
                        name="./questions"
                        xtype="custommultifield">
                        <fieldConfig jcr:primaryType="cq:WidgetCollection">
                            <tagsoptions
                                jcr:primaryType="cq:Widget"
                                allowBlank="{Boolean}false"
                                fieldLabel="Tag Options"
                                name="./tagsoption"
                                type="select"
                                value="no"
                                width="20"
                                xtype="selection">
                                <options jcr:primaryType="cq:WidgetCollection">
                                    <manufaturer
                                        jcr:primaryType="nt:unstructured"
                                        text="Manufacturer"
                                        value="manufacturer"/>
                                    <os
                                        jcr:primaryType="nt:unstructured"
                                        text="Operating System"
                                        value="os"/>
                                    <processor
                                        jcr:primaryType="nt:unstructured"
                                        text="Processor"
                                        value="processor"/>
                                    <price
                                        jcr:primaryType="nt:unstructured"
                                        text="Price"
                                        value="bestPrice"/>
                                    <ram
                                        jcr:primaryType="nt:unstructured"
                                        text="Ram"
                                        value="ram"/>
                                    <ssd
                                        jcr:primaryType="nt:unstructured"
                                        text="SSD"
                                        value="738"/>
                                    <screen
                                        jcr:primaryType="nt:unstructured"
                                        text="Screensize"
                                        value="screen"/>
                                    <audience
                                        jcr:primaryType="nt:unstructured"
                                        text="Audience"
                                        value="audience"/>
                                    <weight
                                        jcr:primaryType="nt:unstructured"
                                        text="Weight"
                                        value="weight"/>
                                    <boardformfactor
                                        jcr:primaryType="nt:unstructured"
                                        text="Board Form Factor"
                                        value="735"/>
                                    <capacity
                                        jcr:primaryType="nt:unstructured"
                                        text="Capacity"
                                        value="3"/>
                                    <interface
                                        jcr:primaryType="nt:unstructured"
                                        text="Interface"
                                        value="741"/>
                                    <series
                                        jcr:primaryType="nt:unstructured"
                                        text="Series"
                                        value="733"/>
                                    <carrier
                                        jcr:primaryType="nt:unstructured"
                                        text="Carrier"
                                        value="carriervalue"/>
                                    <country
                                        jcr:primaryType="nt:unstructured"
                                        text="Country"
                                        value="countryvalue"/>
                                    <chipset
                                        jcr:primaryType="nt:unstructured"
                                        text="Chipset"
                                        value="736"/>
                                    <integratedgraphics
                                        jcr:primaryType="nt:unstructured"
                                        text="Integrated Graphics"
                                        value="731"/>
                                    <memory
                                        jcr:primaryType="nt:unstructured"
                                        text="Memory"
                                        value="737"/>
                                    <socket
                                        jcr:primaryType="nt:unstructured"
                                        text="Socket"
                                        value="706"/>
                                    <harddrive
                                        jcr:primaryType="nt:unstructured"
                                        text="Hard Drive"
                                        value="hardDrive"/>
                                    <formfactor
                                        jcr:primaryType="nt:unstructured"
                                        text="Form Factor"
                                        value="740"/>
                                </options>
                            </tagsoptions>
                        </fieldConfig>
                    </hero>
                </items>
            </tagstab>
            <info
                jcr:primaryType="cq:Panel"
                title="Info Tab">
                <items jcr:primaryType="cq:WidgetCollection">
                    <information
                        jcr:primaryType="cq:Widget"
                        html="&lt;p> &lt;b>&lt;/b> &lt;/p>&#xa;&lt;p> &#xa;&#x9;&lt;h1 style=&quot;font-size:1.35em;&quot;> &#xa;&#x9;&#x9;&lt;b>Activated Pages Utility :&lt;/b> &#xa;&#x9;&lt;/h1> &#xa;&lt;/p> &#xa;&lt;p>&lt;/p>&#xa;&lt;p> &#xa;&#x9;&lt;h1 style=&quot;font-size:1.2em;&quot;>The Activated Pages Utility is used to fetch all the activated product pages for a category. The author can select the category for which he/she wants to view the data. The author can also select the tags for which he/she wants to see the values set up. In addition to the activated pages, the page also displays the different sort attributes for the category. The page also shows the different filter attributes set up for the category and its corresponding values.&lt;/h1>&#xa;&lt;/p>&#xa;&lt;p> &#xa;&#x9;&lt;b> &#xa;&#x9;&#x9;&lt;br type=&quot;_moz&quot;> &#xa;&#x9;&lt;/b> &#xa;&lt;/p>&#xa;&lt;p style=&quot;margin-top:1em;&quot;>&#xa;&#x9;&lt;b style=&quot;font-size:1.35em;&quot;>Authoring options:&lt;/b>&#xa;&lt;/p> &#xa;&lt;p> &#xa;&#x9;&lt;h1 style=&quot;font-size:1.2em;&quot;>Create a new page using the ‘Blank Page Template’. Open the page in Author and go to ‘Design Mode’. Select the ‘intel-utils’ component group to be displayed in sidekick. Add the ‘activatedpagesutility’ component to the blank page.&lt;/h1> &#xa;&lt;/p> &#xa;&lt;p style=&quot;margin-top:1em;&quot;>&#xa;&#x9;&lt;b style=&quot;font-size:1.35em;&quot;>Open the Author Dialog&lt;/b>&#xa;&lt;/p> &#xa;&lt;p> &#xa;&#x9;&lt;h1 style=&quot;font-size:1.2em;&quot;>From the Blank page, select the ‘activatedpagesutility’ component, right click, and select Edit. This will launch the Author Dialog.&lt;/h1> &#xa;&lt;/p> &#xa;&lt;p> &#xa;&#x9;&lt;b> &#xa;&#x9;&#x9;&lt;br type=&quot;_moz&quot;> &#xa;&#x9;&lt;/b> &#xa;&lt;/p>&#xa;&lt;p> &#xa;&#x9;&lt;h1 style=&quot;font-size:1.2em;&quot;>The component has two tabs:&lt;/h1> &#xa;&#x9;&lt;h1 style=&quot;font-size:1.2em; margin-left:2em;&quot;>1.&#x9;Category Options&lt;/h1>&#xa;&#x9;&lt;h1 style=&quot;font-size:1.2em; margin-left:2em;&quot;>2.&#x9;Tag Options&lt;/h1>&#xa;&lt;/p> &#xa;&lt;table border=&quot;1&quot; cellspacing=&quot;10&quot; cellpadding=&quot;10&quot;> &#xa;&#x9;&lt;tbody> &#xa;&#x9;&#x9;&lt;tr> &#xa;&#x9;&#x9;&#x9;&lt;td width=&quot;151&quot; valign=&quot;top&quot; style=&quot;border:1px solid #ccc;padding:5px; &quot;> &#xa;&#x9;&#x9;&#x9;&#x9;&lt;p> &#xa;&#x9;&#x9;&#x9;&#x9;&#x9;&lt;b>Category Options&lt;/b> &#xa;&#x9;&#x9;&#x9;&#x9;&lt;/p> &#xa;&#x9;&#x9;&#x9;&lt;/td> &#xa;&#x9;&#x9;&#x9;&lt;td width=&quot;487&quot; valign=&quot;top&quot; style=&quot;border:1px solid #ccc; padding:5px; font-size:1.2em;&quot;> &#xa;&#x9;&#x9;&#x9;&#x9;&lt;p>This is a dropdown that contains list of all categories.&lt;/p> &#xa;&#x9;&#x9;&#x9;&lt;/td> &#xa;&#x9;&#x9;&lt;/tr> &#xa;&#x9;&#x9;&lt;tr> &#xa;&#x9;&#x9;&#x9;&lt;td width=&quot;151&quot; valign=&quot;top&quot; style=&quot;border:1px solid #ccc;padding:5px; &quot;> &#xa;&#x9;&#x9;&#x9;&#x9;&lt;p> &#xa;&#x9;&#x9;&#x9;&#x9;&#x9;&lt;b>Tag Options&lt;/b> &#xa;&#x9;&#x9;&#x9;&#x9;&lt;/p> &#xa;&#x9;&#x9;&#x9;&lt;/td> &#xa;&#x9;&#x9;&#x9;&lt;td width=&quot;487&quot; valign=&quot;top&quot; style=&quot;border:1px solid #ccc; padding:5px; font-size:1.2em;&quot;> &#xa;&#x9;&#x9;&#x9;&#x9;&lt;p>This is a multi-selection control where author can select multiple tags. The tag options dropdown contains all the tags available for categories.&lt;/p> &#xa;&#x9;&#x9;&#x9;&lt;/td> &#xa;&#x9;&#x9;&lt;/tr> &#xa;&#x9;&lt;/tbody> &#xa;&lt;/table>&#xa;&lt;p style=&quot;margin-top:1em;&quot;>&#xa;&#x9;&lt;b style=&quot;font-size:1.35em;&quot;>Displaying Results&lt;/b>&#xa;&lt;/p> &#xa;&lt;p> &#xa;&#x9;&lt;h1 style=&quot;font-size:1.2em;&quot;>Once the two options are selected and author clicks ‘OK’, the page is refreshed in author to display the activatedpagesutility results.&lt;/h1> &#xa;&lt;/p> "
                        name="./label"
                        xtype="label"/>
                </items>
            </info>
        </items>
    </items>
</jcr:root>
