<?xml version="1.0" encoding="UTF-8"?>
<jcr:root xmlns:cq="http://www.day.com/jcr/cq/1.0" xmlns:jcr="http://www.jcp.org/jcr/1.0" xmlns:nt="http://www.jcp.org/jcr/nt/1.0"
    jcr:primaryType="cq:Dialog"
    title="Featurephone Topic  Component"
    width="100%"
    xtype="dialog">
    <items
        jcr:primaryType="cq:Widget"
        xtype="tabpanel">
        <items jcr:primaryType="cq:WidgetCollection">
            <heroimage
                jcr:primaryType="cq:Widget"
                allowUpload="{Boolean}false"
                ddGroups="[media]"
                fileNameParameter="./heroImageName"
                fileReferenceParameter="./heroImageReference"
                id="heroimage"
                name="./heroimagename"
                title="Hero Image"
                xtype="smartimage"/>
            <content
                jcr:primaryType="cq:Panel"
                title="Content">
                <items jcr:primaryType="cq:WidgetCollection">
                    <heading
                        jcr:primaryType="cq:Widget"
                        fieldDescription="Heading Copy of the Topic"
                        fieldLabel="Heading"
                        name="./heading"
                        xtype="textfield"/>
                    <bodycopy
                        jcr:primaryType="nt:unstructured"
                        fieldDescription="Body Copy of the Topic"
                        fieldLabel="Body"
                        grow="true"
                        name="./bodycopy"
                        validateOnBlur="true"
                        xtype="richtext">
                        <rtePlugins jcr:primaryType="nt:unstructured">
                            <styles
                                jcr:primaryType="nt:unstructured"
                                features="*"/>
                            <paraformat
                                jcr:primaryType="nt:unstructured"
                                features="*"/>
                            <subsuperscript
                                jcr:primaryType="nt:unstructured"
                                features="*"/>
                            <misctools
                                jcr:primaryType="nt:unstructured"
                                features="*"/>
                            <lists
                                jcr:primaryType="nt:unstructured"
                                features="*"/>
                        </rtePlugins>
                    </bodycopy>
                </items>
            </content>
            <info
                jcr:primaryType="cq:Panel"
                title="Info Tab">
                <items jcr:primaryType="cq:WidgetCollection">
                    <information
                        jcr:primaryType="cq:Widget"
                        html="&lt;p>&#xa;&#x9;&lt;b>&lt;/b>&#xa;&lt;/p>&#xa;&lt;p>&#xa;&#x9;&lt;h1 style=&quot;font-size:1.35em;&quot;>&#xa;&#x9;&#x9;&lt;b>Feature Phone Topic :&lt;/b>&#xa;&#x9;&lt;/h1>&#xa;&lt;/p>&#xa;&lt;p>&lt;/p>&#xa;&lt;p>&#xa;&#x9;&lt;h1 style=&quot;font-size:1.2em;&quot;>The Feature Phone Topic component is the primary component used to build out Feature Phone content pages. It provides the ability to define a top aligned image and rich text for a body section.&lt;/h1>&#xa;&lt;/p>&#xa;&lt;p>&lt;/p>&#xa;&lt;p style=&quot;margin-top:1em;&quot;>&#xa;&#x9;&lt;b style=&quot;font-size:1.35em;&quot;>Authoring options:&lt;/b>&#xa;&lt;/p>&#xa;&lt;p>&#xa;&#x9;&lt;b>&#xa;&#x9;&#x9;&lt;br type=&quot;_moz&quot;>&#xa;&#x9;&lt;/b>&#xa;&lt;/p>&#xa;&lt;table border=&quot;1&quot; cellspacing=&quot;10&quot; cellpadding=&quot;10&quot;>&#xa;&#x9;&lt;tbody>&#xa;&#x9;&#x9;&lt;tr>&#xa;&#x9;&#x9;&#x9;&lt;td width=&quot;151&quot; valign=&quot;top&quot; style=&quot;border:1px solid #ccc;padding:5px; &quot;>&#xa;&#x9;&#x9;&#x9;&#x9;&lt;p>&#xa;&#x9;&#x9;&#x9;&#x9;&#x9;&lt;b>Hero Image&lt;/b>&#xa;&#x9;&#x9;&#x9;&#x9;&lt;/p>&#xa;&#x9;&#x9;&#x9;&lt;/td>&#xa;&#x9;&#x9;&#x9;&lt;td width=&quot;487&quot; valign=&quot;top&quot; style=&quot;border:1px solid #ccc; padding:5px; font-size:1.2em;&quot;>&#xa;&#x9;&#x9;&#x9;&#x9;&lt;p>Drag and drop top aligned image&lt;/p>&#xa;&#x9;&#x9;&#x9;&lt;/td>&#xa;&#x9;&#x9;&lt;/tr>&#xa;&#x9;&#x9;&lt;tr>&#xa;&#x9;&#x9;&#x9;&lt;td width=&quot;151&quot; valign=&quot;top&quot; style=&quot;border:1px solid #ccc ;padding:5px;&quot;>&#xa;&#x9;&#x9;&#x9;&#x9;&lt;p>&#xa;&#x9;&#x9;&#x9;&#x9;&#x9;&lt;b>Heading&lt;/b>&#xa;&#x9;&#x9;&#x9;&#x9;&lt;/p>&#xa;&#x9;&#x9;&#x9;&lt;/td>&#xa;&#x9;&#x9;&#x9;&lt;td width=&quot;487&quot; valign=&quot;top&quot; style=&quot;border:1px solid #ccc ;padding:5px; font-size:1.2em;&quot;>&#xa;&#x9;&#x9;&#x9;&#x9;&lt;p>Heading Copy, appears below image and above body copy&lt;/p>&#xa;&#x9;&#x9;&#x9;&lt;/td>&#xa;&#x9;&#x9;&lt;/tr>&#xa;&#x9;&#x9;&lt;tr>&#xa;&#x9;&#x9;&#x9;&lt;td width=&quot;151&quot; valign=&quot;top&quot; style=&quot;border:1px solid #ccc ;padding:5px;&quot;>&#xa;&#x9;&#x9;&#x9;&#x9;&lt;p>&#xa;&#x9;&#x9;&#x9;&#x9;&#x9;&lt;b>Body&lt;/b>&#xa;&#x9;&#x9;&#x9;&#x9;&lt;/p>&#xa;&#x9;&#x9;&#x9;&lt;/td>&#xa;&#x9;&#x9;&#x9;&lt;td width=&quot;487&quot; valign=&quot;top&quot; style=&quot;border:1px solid #ccc ;padding:5px; font-size:1.2em;&quot;>&#xa;&#x9;&#x9;&#x9;&#x9;&lt;p>Rich text which will be displayed below Heading and in the body of the component&lt;/p>&#xa;&#x9;&#x9;&#x9;&lt;/td>&#xa;&#x9;&#x9;&lt;/tr>&#x9;&#x9;&#xa;&#x9;&lt;/tbody>&#xa;&lt;/table>&#xa;&lt;p style=&quot;margin-top:1em;&quot;>&#xa;&#x9;&lt;b style=&quot;font-size:1.35em;&quot;>Image Sizing options:&lt;/b>&#xa;&lt;/p>&#xa;&lt;p>&#xa;&#x9;&lt;h1 style=&quot;font-size:1.2em;&quot;>Drag and drop image with dimensions 640X290.&lt;/h1>&#xa;&lt;/p>"
                        name="./label"
                        xtype="label"/>
                </items>
            </info>
        </items>
    </items>
    <listeners
        jcr:primaryType="nt:unstructured"
        beforesubmit="function(dialog){ return IntelUtils.checkImageSizeOfSingleImage(dialog,'./heroimagename',290,640);}"/>
</jcr:root>
