<?xml version="1.0" encoding="UTF-8"?>
<jcr:root xmlns:cq="http://www.day.com/jcr/cq/1.0" xmlns:jcr="http://www.jcp.org/jcr/1.0" xmlns:nt="http://www.jcp.org/jcr/nt/1.0"
    jcr:primaryType="cq:Dialog"
    title="Hero Tiles"
    width="100%"
    xtype="dialog">
    <items
        jcr:primaryType="cq:TabPanel"
        xtype="tabpanel">
        <items jcr:primaryType="cq:WidgetCollection">
            <general
                jcr:primaryType="cq:Panel"
                title="Hero Tiles">
                <items jcr:primaryType="cq:WidgetCollection">
                    <layout
                        jcr:primaryType="cq:Widget"
                        defaultValue="layout1"
                        fieldLabel="Layout Type"
                        name="./layouttype"
                        type="select"
                        xtype="selection">
                        <options jcr:primaryType="cq:WidgetCollection">
                            <layout1
                                jcr:primaryType="nt:unstructured"
                                text="layout1"
                                value="layout1"/>
                            <layout2
                                jcr:primaryType="nt:unstructured"
                                text="layout2"
                                value="layout2"/>
                            <layout3
                                jcr:primaryType="nt:unstructured"
                                text="layout3"
                                value="layout3"/>
                            <layout4
                                jcr:primaryType="nt:unstructured"
                                text="layout4"
                                value="layout4"/>
                        </options>
                        <listeners
                            jcr:primaryType="nt:unstructured"
                            loadcontent="function(dialog){ return IntelUtils.setNumOfHeroTiles(dialog);}"
                            selectionchanged="function(dialog){ return IntelUtils.setNumOfHeroTiles(dialog);}"/>
                    </layout>
                    <defaultimage
                        jcr:primaryType="cq:Widget"
                        allowBlank="{Boolean}false"
                        fieldLabel="Default Image"
                        name="./defaultimage"
                        xtype="pathfield"/>
                    <truncatechar
                        jcr:primaryType="cq:Widget"
                        allowBlank="{Boolean}false"
                        fieldLabel="Truncate Copytext after no.of characters"
                        name="./truncatechar"
                        regex="/^[0-9]{0,2}$/"
                        regexText="Enter Numbers Upto 2 Digits only."
                        xtype="textfield"/>
                    <siteguidetile
                        jcr:primaryType="cq:Widget"
                        customMultiFieldName="./siteguidetile"
                        fieldDescription="Click the '+' to add a new Link."
                        filedLabel="Hero Tiles Options"
                        id="herotileImage"
                        maxItems="12"
                        name="./siteguidetile"
                        xtype="custommultifield">
                        <fieldConfig jcr:primaryType="cq:WidgetCollection">
                            <Copy_x0020_Text
                                jcr:primaryType="cq:Widget"
                                allowBlank="{Boolean}false"
                                fieldLabel="Copy Text"
                                name="./copytext"
                                xtype="textfield"/>
                            <internal_x0020_url
                                jcr:primaryType="cq:Widget"
                                allowBlank="{Boolean}false"
                                editable="{Boolean}true"
                                fieldLabel="Internal URL"
                                name="./internalUrl"
                                predicate="hierarchy"
                                xtype="pathfield"/>
                            <image
                                jcr:primaryType="cq:Widget"
                                fieldLabel="Select Image"
                                name="./image"
                                regex="/^.+(.jpg|.JPG|.gif|.GIF|.jpeg|.JPEG|.bmp|.BMP|.png|.PNG)$/"
                                regexText="Please select Image files only"
                                rootPath="/content/dam"
                                xtype="pathfield"/>
                        </fieldConfig>
                    </siteguidetile>
                </items>
            </general>
            <info
                jcr:primaryType="cq:Panel"
                title="Info Tab">
                <items jcr:primaryType="cq:WidgetCollection">
                    <information
                        jcr:primaryType="cq:Widget"
                        html="&lt;p>&lt;b>&lt;/b>&lt;/p>&#xa;&lt;p>&lt;h1 style=&quot;font-size:1.35em;&quot;>&lt;b>Hero Tiles Component&lt;/b>&lt;/h1>&lt;/p>&#xa;&lt;p>&lt;/p>&#xa;&lt;p>&lt;h1 style=&quot;font-size:1.2em;&quot;>The Hero Tiles component provides the images to be displayed in the homepage. It forms the body of the mobile site homepage. Right clicking in edit mode on the hero tiles component will launch the author dialog.&lt;/h1>&lt;/p>&#xa;&lt;p style=&quot;margin-top:1em;&quot;>&lt;b style=&quot;font-size:1.35em;&quot;>The Hero Tiles component has 3 layout options. &lt;/b>&lt;/p>&#xa;&lt;p style=&quot;margin-top:1em;&quot;>&lt;b style=&quot;font-size:1.35em;&quot;>Layout 1 – &lt;/b>&lt;/p>&#xa;&lt;h1 style=&quot;font-size:1.2em;&quot;>Grid View – Standard Homepage View&lt;/h1>&#xa;&lt;p style=&quot;margin-top:1em;&quot;>&lt;b style=&quot;font-size:1.35em;&quot;>Layout 2 – &lt;/b>&lt;/p>&#xa;&lt;h1 style=&quot;font-size:1.2em;&quot;>Horizontal Tile View – The first tile is adjusted to the two tiles wide and appear across &#x9;the top of the page. This is intended to temporarily highlight &#x9;new content, a promotion, or campaign page.&lt;/h1>&#xa;&lt;p style=&quot;margin-top:1em;&quot;>&lt;b style=&quot;font-size:1.35em;&quot;>Layout 3 – &lt;/b>&lt;/p>&#xa;&lt;h1 style=&quot;font-size:1.2em;&quot;>Campaign View – The first tile is adjusted to be two tiles wide and two tiles tall. This is &#x9;intended to highlight an active campaign page.&lt;/h1>&#xa;&lt;h1 style=&quot;font-size:1.2em;&quot;>Horizontal Tile View – The first tile is adjusted to the two tiles wide and appear across &#x9;the top of the page. This is intended to temporarily highlight &#x9;new content, a promotion, or campaign page. &lt;/h1>&#xa;&lt;h1 style=&quot;font-size:1.2em;&quot;>Campaign View – The first tile is adjusted to be two tiles wide and two tiles tall. This is &#x9;intended to highlight an active campaign page. &lt;/h1>&#xa;&lt;p style=&quot;margin-top:1em;&quot;>&lt;table border=&quot;1&quot; cellspacing=&quot;10&quot; cellpadding=&quot;10&quot;>&#xa;&lt;tbody>&lt;tr>&lt;td width=&quot;151&quot; valign=&quot;top&quot; style=&quot;border:1px solid #ccc;padding:5px;&quot;>&lt;p>&lt;b>Layout Type&lt;/b>&lt;/p>&#xa;&lt;/td>&#xa;&lt;td width=&quot;487&quot; valign=&quot;top&quot; style=&quot;border:1px solid #ccc;padding:5px;font-size:1.2em;&quot;>&lt;p>Dropdown selection of tile layout &#xa;&lt;/p>&#xa;&lt;/td>&#xa;&lt;tr>&lt;/tr>&#xa;&lt;td width=&quot;151&quot; valign=&quot;top&quot; style=&quot;border:1px solid #ccc;padding:5px;&quot;>&lt;p>&lt;b>Default Image&lt;/b>&lt;/p>&#xa;&lt;/td>&#xa;&lt;td width=&quot;487&quot; valign=&quot;top&quot; style=&quot;border:1px solid #ccc;padding:5px;font-size:1.2em;&quot;>&lt;p>This is the default Tile image that will be displayed if a specific tile image is not defined. It must be selected from the DAM&#xa;&lt;/p>&#xa;&lt;/td>&#xa;&lt;tr>&lt;/tr>&#xa;&lt;td width=&quot;151&quot; valign=&quot;top&quot; style=&quot;border:1px solid #ccc;padding:5px;&quot;>&lt;p>&lt;b>Truncate Copy text after no.of characters&lt;/b>&lt;/p>&#xa;&lt;/td>&#xa;&lt;td width=&quot;487&quot; valign=&quot;top&quot; style=&quot;border:1px solid #ccc;padding:5px;font-size:1.2em;&quot;>&lt;p>This is the max numeric character count that will be displayed in each tile before the text is truncated. It must be set to 70 by default. &#xa;&lt;/p>&#xa;&lt;/td>&#xa;&lt;/tr>&lt;/tbody>&lt;/table>&lt;/p>&#xa;&lt;p style=&quot;margin-top:1em;&quot;>&lt;b style=&quot;font-size:1.35em;&quot;>Tile Multi-Select Control&lt;/b>&lt;/p>&#xa;&lt;p style=&quot;margin-top:1em;&quot;>&lt;table border=&quot;1&quot; cellspacing=&quot;10&quot; cellpadding=&quot;10&quot;>&#xa;&lt;tbody>&lt;tr>&lt;td width=&quot;151&quot; valign=&quot;top&quot; style=&quot;border:1px solid #ccc;padding:5px;&quot;>&lt;p>&lt;b>Copy Text&lt;/b>&lt;/p>&#xa;&lt;/td>&#xa;&lt;td width=&quot;487&quot; valign=&quot;top&quot; style=&quot;border:1px solid #ccc;padding:5px;font-size:1.2em;&quot;>&lt;p>Displayed Copy on the Tile. &#xa;&lt;/p>&#xa;&lt;/td>&#xa;&lt;tr>&lt;/tr>&#xa;&lt;td width=&quot;151&quot; valign=&quot;top&quot; style=&quot;border:1px solid #ccc;padding:5px;&quot;>&lt;p>&lt;b>Internal URL&lt;/b>&lt;/p>&#xa;&lt;/td>&#xa;&lt;td width=&quot;487&quot; valign=&quot;top&quot; style=&quot;border:1px solid #ccc;padding:5px;font-size:1.2em;&quot;>&lt;p>Selected internal page where the user will be directed upon selection.&#xa;&lt;/p>&#xa;&lt;/td>&#xa;&lt;tr>&lt;/tr>&#xa;&lt;td width=&quot;151&quot; valign=&quot;top&quot; style=&quot;border:1px solid #ccc;padding:5px;&quot;>&lt;p>&lt;b>Select Image&lt;/b>&lt;/p>&#xa;&lt;/td>&#xa;&lt;td width=&quot;487&quot; valign=&quot;top&quot; style=&quot;border:1px solid #ccc;padding:5px;font-size:1.2em;&quot;>&lt;p>Location of the tile image in the DAM.&#xa;&lt;/p>&#xa;&lt;/td>&#xa;&lt;/tr>&lt;/tbody>&lt;/table>&lt;/p>&#xa;&lt;p style=&quot;margin-top:1em;&quot;>&lt;b style=&quot;font-size:1.35em;&quot;>Tile Image Sizing Guide&lt;/b>&lt;/p>&#xa;&lt;p>&lt;h1 style=&quot;font-size:1.2em;&quot;>Text overlay and rounded corners are applied through css. Images should be optimized without any elements embedded.&lt;/h1>&lt;/p>&#xa;&lt;p style=&quot;margin-top:1em;&quot;>&lt;b style=&quot;font-size:1.35em;&quot;>Standard Tile Image Size&lt;/b>&lt;/p>&#xa;&lt;p>&lt;h1 style=&quot;font-size:1.2em;&quot;>302 x 288.Suggested Max Size – 9k&lt;/h1>&lt;/p>&#xa;&lt;p style=&quot;margin-top:1em;&quot;>&lt;b style=&quot;font-size:1.35em;&quot;>Layout 2 Hero Image Size&lt;/b>&lt;/p>&#xa;&lt;p>&lt;h1 style=&quot;font-size:1.2em;&quot;>610 x 288.Suggested Max Size – 14k&lt;/h1>&lt;/p>&#xa;&lt;p style=&quot;margin-top:1em;&quot;>&lt;b style=&quot;font-size:1.35em;&quot;>Layout 3 Hero Image Size &lt;/b>&lt;/p>&#xa;&lt;p>&lt;h1 style=&quot;font-size:1.2em;&quot;>610 x 582.Suggested Max Size – 28k&#xa;&lt;/h1>&lt;/p>&#xa;"
                        name="./label"
                        xtype="label"/>
                </items>
            </info>
        </items>
    </items>
    <listeners
        jcr:primaryType="nt:unstructured"
        beforesubmit="function(dialog){ return IntelUtils.checkImageSizeOfHeroTiles(dialog);}"/>
</jcr:root>
