<?xml version="1.0" encoding="UTF-8"?>
<jcr:root xmlns:cq="http://www.day.com/jcr/cq/1.0" xmlns:jcr="http://www.jcp.org/jcr/1.0" xmlns:nt="http://www.jcp.org/jcr/nt/1.0"
    jcr:primaryType="cq:Dialog"
    title="Sub Drawer Component"
    width="100%"
    xtype="dialog">
    <items
        jcr:primaryType="cq:Widget"
        xtype="tabpanel">
        <items jcr:primaryType="cq:WidgetCollection">
            <tab1
                jcr:primaryType="cq:Panel"
                title="Sub Drawer">
                <items jcr:primaryType="cq:WidgetCollection">
                    <title
                        jcr:primaryType="nt:unstructured"
                        fieldDescription="Title of the tab."
                        fieldLabel="Title"
                        name="./title"
                        validateOnBlur="true"
                        xtype="textfield"/>
                    <footerdisplaytext
                        jcr:primaryType="nt:unstructured"
                        fieldDescription="Footer display text of the tab."
                        fieldLabel="Footer Display Text"
                        name="./footertext"
                        validateOnBlur="true"
                        xtype="textfield"/>
                    <viewlesscopy
                        jcr:primaryType="nt:unstructured"
                        fieldDescription="View Less display text of the tab."
                        fieldLabel="Viewless Display Text"
                        name="./viewlesstext"
                        validateOnBlur="true"
                        xtype="textfield"/>
                    <viewmoredispnum
                        jcr:primaryType="cq:Widget"
                        defaultValue="2"
                        fieldLabel="Show Viewmore After No. of Components"
                        name="./viewmorenum"
                        type="select"
                        xtype="selection">
                        <options jcr:primaryType="cq:WidgetCollection">
                            <two
                                jcr:primaryType="nt:unstructured"
                                text="Two"
                                value="2"/>
                            <three
                                jcr:primaryType="nt:unstructured"
                                text="Three"
                                value="3"/>
                            <four
                                jcr:primaryType="nt:unstructured"
                                text="four"
                                value="4"/>
                        </options>
                    </viewmoredispnum>
                </items>
            </tab1>
            <info
                jcr:primaryType="cq:Panel"
                title="Info Tab">
                <items jcr:primaryType="cq:WidgetCollection">
                    <information
                        jcr:primaryType="cq:Widget"
                        html="&lt;p>&lt;b>&lt;/b>&lt;/p>&#xa;&lt;p>&lt;h1 style=&quot;font-size:1.35em;&quot;>&lt;b>Sub-Drawer  Component:&lt;/b>&lt;/h1>&lt;/p>&#xa;&lt;p>&lt;/p>&#xa;&lt;p>&lt;h1 style=&quot;font-size:1.2em;&quot;>The Sub-Drawer component is a versatile component that can be used to place an expandable and collapsible section of content onto a page (e.g., support &quot;view more&quot; functionality within a drawer). It is dropped onto a page first, and then additional components may be placed within it via parsys in Design Mode. &lt;/h1>&lt;/p>&#xa;&lt;p style=&quot;margin-top:1em;&quot;>&lt;b style=&quot;font-size:1.35em;&quot;>Authoring options:&lt;/b>&lt;/p>&#xa;&lt;p style=&quot;margin-top:1em;&quot;>&lt;h1 style=&quot;font-size:1.2em;&quot;>The Sub-Drawer component author dialog contains a single tab “Sub Drawer”. &lt;/h1>&lt;/p>&#xa;&lt;p style=&quot;margin-top:1em;&quot;>&#xa;&lt;table border=&quot;1&quot; cellspacing=&quot;10&quot; cellpadding=&quot;10&quot;>&#xa;&lt;tbody>&lt;tr>&lt;td width=&quot;151&quot; valign=&quot;top&quot; style=&quot;border:1px solid #ccc;padding:5px; &quot;>&lt;p>&lt;b>Title&lt;/b>&lt;/p>&#xa;&lt;/td>&#xa;&lt;td width=&quot;487&quot; valign=&quot;top&quot; style=&quot;border:1px solid #ccc; padding:5px; font-size:1.2em;&quot;>&lt;p>Copy displayed as the section heading.&lt;/p>&#xa;&lt;/td>&#xa;&lt;/tr>&lt;tr>&lt;td width=&quot;151&quot; valign=&quot;top&quot; style=&quot;border:1px solid #ccc ;padding:5px;&quot;>&lt;p>&lt;b>Footer Display Text&lt;/b>&lt;/p>&#xa;&lt;/td>&#xa;&lt;td width=&quot;487&quot; valign=&quot;top&quot; style=&quot;border:1px solid #ccc ;padding:5px; font-size:1.2em;&quot;>&lt;p>Optional plain text footer which is displayed at the bottom of the expanded sub-drawer content area&#xa;&lt;/p>&#xa;&lt;/td>&#xa;&lt;/tr>&lt;tr>&lt;td width=&quot;151&quot; valign=&quot;top&quot; style=&quot;border:1px solid #ccc ;padding:5px;&quot;>&lt;p>&lt;b>Viewless Display Text&lt;/b>&lt;/p>&#xa;&lt;/td>&#xa;&lt;td width=&quot;487&quot; valign=&quot;top&quot; style=&quot;border:1px solid #ccc ;padding:5px; font-size:1.2em;&quot;>&lt;p>For use when a section of the sub-drawer is expanded, this text is displayed as the link to collapse the subsection of content.&lt;/p>&#xa;&lt;/td>&#xa;&lt;/tr>&lt;tr>&lt;td width=&quot;151&quot; valign=&quot;top&quot; style=&quot;border:1px solid #ccc ;padding:5px;&quot;>&lt;p>&lt;b>Show Viewmore After No. of Components&lt;/b>&lt;/p>&#xa;&lt;/td>&#xa;&lt;td width=&quot;487&quot; valign=&quot;top&quot; style=&quot;border:1px solid #ccc ;padding:5px;font-size:1.2em;&quot;>&lt;p>This defines how many component are displayed prior to the “view more” option&#xa;&lt;/p>&#xa;&lt;/td>&#xa;&lt;/tr>&lt;/tbody>&lt;/table>&lt;/p>"
                        name="./label"
                        xtype="label"/>
                </items>
            </info>
        </items>
    </items>
</jcr:root>
