<?xml version="1.0" encoding="UTF-8"?>
<jcr:root xmlns:cq="http://www.day.com/jcr/cq/1.0" xmlns:jcr="http://www.jcp.org/jcr/1.0" xmlns:nt="http://www.jcp.org/jcr/nt/1.0"
    jcr:primaryType="cq:Dialog"
    title="Content Title"
    width="100%"
    xtype="dialog">
    <items
        jcr:primaryType="cq:Widget"
        xtype="tabpanel">
        <items jcr:primaryType="cq:WidgetCollection">
            <tab1
                jcr:primaryType="cq:Panel"
                title="Config">
                <items jcr:primaryType="cq:WidgetCollection">
                    <path
                        jcr:primaryType="cq:Widget"
                        fieldLabel="Select the Node Path"
                        name="./path"
                        xtype="browsefield"/>
                    <fieldConfig jcr:primaryType="cq:WidgetCollection">
                        <fileoptions
                            jcr:primaryType="cq:Widget"
                            allowBlank="{Boolean}true"
                            defaultValue="download"
                            fieldLabel="Upload/Download Option"
                            name="./option"
                            type="select"
                            value="no"
                            width="20"
                            xtype="selection">
                            <options jcr:primaryType="cq:WidgetCollection">
                                <upload
                                    jcr:primaryType="nt:unstructured"
                                    text="Upload"
                                    value="upload"/>
                                <download
                                    jcr:primaryType="nt:unstructured"
                                    text="Download"
                                    value="download"/>
                            </options>
                        </fileoptions>
                    </fieldConfig>
                    <items jcr:primaryType="cq:WidgetCollection">
                        <retailertitle
                            jcr:primaryType="cq:Widget"
                            allowBlank="{Boolean}false"
                            fieldDescription="Please Provide Locale Name (e.g. en_US)"
                            fieldLabel="Locale Name"
                            name="./locale"
                            xtype="textarea"/>
                    </items>
                </items>
            </tab1>
        </items>
    </items>
</jcr:root>
