<?xml version="1.0" encoding="UTF-8"?>
<jcr:root xmlns:cq="http://www.day.com/jcr/cq/1.0" xmlns:jcr="http://www.jcp.org/jcr/1.0" xmlns:nt="http://www.jcp.org/jcr/nt/1.0"
    jcr:primaryType="cq:Dialog"
    title="Event Info Component"
    width="100%"
    xtype="dialog">
    <items jcr:primaryType="cq:TabPanel">
        <items jcr:primaryType="cq:WidgetCollection">
            <eventinfo
                jcr:primaryType="cq:Panel"
                title="Event Details">
                <items jcr:primaryType="cq:WidgetCollection">
                    <summary
                        jcr:primaryType="nt:unstructured"
                        allowBlank="{Boolean}false"
                        fieldDescription="Title of the Event."
                        fieldLabel="Summary"
                        name="./summary"
                        validateOnBlur="true"
                        xtype="textfield"/>
                    <startdate
                        jcr:primaryType="nt:unstructured"
                        allowBlank="{Boolean}false"
                        fieldLabel="Event Start Date"
                        hideTime="{Boolean}true"
                        name="./sdate"
                        validateOnBlur="true"
                        xtype="datetime"/>
                    <enddate
                        jcr:primaryType="nt:unstructured"
                        allowBlank="{Boolean}false"
                        fieldLabel="Event End Date"
                        hideTime="{Boolean}true"
                        name="./edate"
                        validateOnBlur="true"
                        xtype="datetime"/>
                    <starttime
                        jcr:primaryType="nt:unstructured"
                        allowBlank="{Boolean}false"
                        fieldLabel="Event Start Time"
                        name="./stime"
                        validateOnBlur="true"
                        xtype="timefield"/>
                    <endtime
                        jcr:primaryType="nt:unstructured"
                        allowBlank="{Boolean}false"
                        fieldLabel="Event End Time"
                        name="./etime"
                        validateOnBlur="true"
                        xtype="timefield"/>
                </items>
            </eventinfo>
            <info
                jcr:primaryType="cq:Panel"
                title="Info Tab">
                <items jcr:primaryType="cq:WidgetCollection">
                    <information
                        jcr:primaryType="cq:Widget"
                        html=""
                        name="./label"
                        xtype="label"/>
                </items>
            </info>
        </items>
    </items>
</jcr:root>
