<?xml version="1.0" encoding="UTF-8"?>
<jcr:root xmlns:cq="http://www.day.com/jcr/cq/1.0" xmlns:jcr="http://www.jcp.org/jcr/1.0" xmlns:nt="http://www.jcp.org/jcr/nt/1.0"
    jcr:primaryType="cq:Dialog"
    title="Update I18N Fields Translations Component"
    width="100%"
    xtype="dialog">
    <items
        jcr:primaryType="cq:Widget"
        xtype="tabpanel">
        <items jcr:primaryType="cq:WidgetCollection">
            <tab1
                jcr:primaryType="cq:Panel"
                title="Text">
                <items jcr:primaryType="cq:WidgetCollection">
                    <path
                        jcr:primaryType="cq:Widget"
                        fieldLabel="Select Input File "
                        name="./path"
                        xtype="browsefield"/>
                    <locale jcr:primaryType="cq:WidgetCollection">
                        <locale
                            jcr:primaryType="cq:Widget"
                            fieldLabel="Enter the locale"
                            name="./locale"
                            xtype="textfield"/>
                    </locale>
                </items>
            </tab1>
            <info
                jcr:primaryType="cq:Panel"
                title="Info Tab">
                <items jcr:primaryType="cq:WidgetCollection">
                    <information
                        jcr:primaryType="cq:Widget"
                        html="&lt;p> &lt;b>&lt;/b> &lt;/p>&#xa;&lt;p> &#xa;&#x9;&lt;h1 style=&quot;font-size:1.35em;&quot;> &#xa;&#x9;&#x9;&lt;b>Update i18n Fields Translations Utility&lt;/b> &#xa;&#x9;&lt;/h1> &#xa;&lt;/p> &#xa;&lt;p>&lt;/p>&#xa;&lt;p> &#xa;&#x9;&lt;h1 style=&quot;font-size:1.2em;&quot;>The Update i18n fields translations utility is used update the translated values for properties. The utility uses an input file that contains the property path and the translated value. Author can select the locale for which the property values should be updated.&lt;/h1>&#xa;&lt;/p>&#xa;&lt;p> &#xa;&#x9;&lt;b> &#xa;&#x9;&#x9;&lt;br type=&quot;_moz&quot;> &#xa;&#x9;&lt;/b> &#xa;&lt;/p>&#xa;&lt;p style=&quot;margin-top:1em;&quot;>&#xa;&#x9;&lt;b style=&quot;font-size:1.35em;&quot;>Authoring options:&lt;/b>&#xa;&lt;/p> &#xa;&lt;p> &#xa;&#x9;&lt;h1 style=&quot;font-size:1.2em;&quot;>Create a new page using the ‘Blank Page Template’. Open the page in Author and go to ‘Design Mode’. Select the ‘intel-utils’ component group to be displayed in sidekick. Add the ‘update i18n fields translations utility’ component to the blank page.&lt;/h1> &#xa;&lt;/p> &#xa;&lt;p style=&quot;margin-top:1em;&quot;>&#xa;&#x9;&lt;b style=&quot;font-size:1.35em;&quot;>Open the Author Dialog&lt;/b>&#xa;&lt;/p> &#xa;&lt;p> &#xa;&#x9;&lt;h1 style=&quot;font-size:1.2em;&quot;>From the blank page, select the ‘update i18n fields translations utility’ component, right click, and select Edit. This will launch the Author Dialog.&lt;/h1> &#xa;&lt;/p> &#xa;&lt;p> &#xa;&#x9;&lt;b> &#xa;&#x9;&#x9;&lt;br type=&quot;_moz&quot;> &#xa;&#x9;&lt;/b> &#xa;&lt;/p>&#xa;&lt;p> &#xa;&#x9;&lt;h1 style=&quot;font-size:1.2em;&quot;>The component has just one tab:&lt;/h1> &#xa;&#x9;&lt;h1 style=&quot;font-size:1.2em; margin-left:2em;&quot;>1. Text&lt;/h1>&#xa;&lt;/p> &#xa;&lt;table border=&quot;1&quot; cellspacing=&quot;10&quot; cellpadding=&quot;10&quot;> &#xa;&#x9;&lt;tbody> &#xa;&#x9;&#x9;&lt;tr> &#xa;&#x9;&#x9;&#x9;&lt;td width=&quot;151&quot; valign=&quot;top&quot; style=&quot;border:1px solid #ccc;padding:5px; &quot;> &#xa;&#x9;&#x9;&#x9;&#x9;&lt;p> &#xa;&#x9;&#x9;&#x9;&#x9;&#x9;&lt;b>Select Input File&lt;/b> &#xa;&#x9;&#x9;&#x9;&#x9;&lt;/p> &#xa;&#x9;&#x9;&#x9;&lt;/td> &#xa;&#x9;&#x9;&#x9;&lt;td width=&quot;487&quot; valign=&quot;top&quot; style=&quot;border:1px solid #ccc; padding:5px; font-size:1.2em;&quot;> &#xa;&#x9;&#x9;&#x9;&#x9;&lt;p>In this field, select the file that contains the translations&lt;/p> &#xa;&#x9;&#x9;&#x9;&lt;/td> &#xa;&#x9;&#x9;&lt;/tr>&#xa;&#x9;&#x9;&lt;tr> &#xa;&#x9;&#x9;&#x9;&lt;td width=&quot;151&quot; valign=&quot;top&quot; style=&quot;border:1px solid #ccc;padding:5px; &quot;> &#xa;&#x9;&#x9;&#x9;&#x9;&lt;p> &#xa;&#x9;&#x9;&#x9;&#x9;&#x9;&lt;b>Enter the locale&lt;/b> &#xa;&#x9;&#x9;&#x9;&#x9;&lt;/p> &#xa;&#x9;&#x9;&#x9;&lt;/td> &#xa;&#x9;&#x9;&#x9;&lt;td width=&quot;487&quot; valign=&quot;top&quot; style=&quot;border:1px solid #ccc; padding:5px; font-size:1.2em;&quot;> &#xa;&#x9;&#x9;&#x9;&#x9;&lt;p>In this field, enter the locale to which these translations should be updated.&lt;/p> &#xa;&#x9;&#x9;&#x9;&lt;/td> &#xa;&#x9;&#x9;&lt;/tr>&#xa;&#x9;&lt;/tbody> &#xa;&lt;/table>"
                        name="./label"
                        xtype="label"/>
                </items>
            </info>
        </items>
    </items>
    <listeners
        jcr:primaryType="nt:unstructured"
        beforesubmit="function(dialog){ return IntelUtils.checkImageSizeOfSingleImage(dialog,'./contentImage',77,103);}"/>
</jcr:root>
