<?xml version="1.0" encoding="UTF-8"?>
<jcr:root xmlns:cq="http://www.day.com/jcr/cq/1.0" xmlns:jcr="http://www.jcp.org/jcr/1.0" xmlns:nt="http://www.jcp.org/jcr/nt/1.0"
    jcr:primaryType="cq:Dialog"
    title="Productdetails CMS"
    width="100%"
    xtype="dialog">
    <items jcr:primaryType="cq:TabPanel">
        <items jcr:primaryType="cq:WidgetCollection">
            <productdetails
                jcr:primaryType="cq:Panel"
                title="Product Details">
                <items jcr:primaryType="cq:WidgetCollection">
                    <title
                        jcr:primaryType="nt:unstructured"
                        allowBlank="{Boolean}false"
                        fieldDescription="Title of the Product."
                        fieldLabel="Product Title"
                        name="./name"
                        validateOnBlur="true"
                        xtype="textfield"/>
                    <description
                        jcr:primaryType="nt:unstructured"
                        allowBlank="{Boolean}false"
                        fieldDescription="Product Description."
                        fieldLabel="Description"
                        name="./productdescription"
                        validateOnBlur="true"
                        xtype="richtext">
                        <rtePlugins jcr:primaryType="nt:unstructured">
                            <styles
                                jcr:primaryType="nt:unstructured"
                                features="*"/>
                            <paraformat
                                jcr:primaryType="nt:unstructured"
                                features="*"/>
                            <subsuperscript
                                jcr:primaryType="nt:unstructured"
                                features="*"/>
                            <misctools
                                jcr:primaryType="nt:unstructured"
                                features="*"/>
                            <lists
                                jcr:primaryType="nt:unstructured"
                                features="*"/>
                            <image
                                jcr:primaryType="nt:unstructured"
                                features="*"/>
                        </rtePlugins>
                    </description>
                    <businessid
                        jcr:primaryType="nt:unstructured"
                        allowBlank="{Boolean}true"
                        fieldDescription="Business id of the Product."
                        fieldLabel="Business Id"
                        name="./businessId"
                        validateOnBlur="true"
                        xtype="textfield"/>
                    <audience
                        jcr:primaryType="cq:Widget"
                        allowBlank="{Boolean}true"
                        defaultValue="Home"
                        fieldLabel="Audience Type"
                        name="./audience"
                        type="select"
                        value="no"
                        width="20"
                        xtype="selection">
                        <options jcr:primaryType="cq:WidgetCollection">
                            <home
                                jcr:primaryType="nt:unstructured"
                                text="Home"
                                value="home"/>
                            <business
                                jcr:primaryType="nt:unstructured"
                                text="Business"
                                value="business"/>
                            <all
                                jcr:primaryType="nt:unstructured"
                                text="All"
                                value="home,business"/>
                        </options>
                    </audience>
                    <bestprice
                        jcr:primaryType="nt:unstructured"
                        allowBlank="{Boolean}true"
                        fieldLabel="Best Price"
                        name="./bestPrice"
                        validateOnBlur="true"
                        xtype="textfield"/>
                </items>
            </productdetails>
            <productimage
                jcr:primaryType="cq:Widget"
                allowUpload="{Boolean}false"
                ddGroups="[media]"
                fileNameParameter="./imageFileName"
                fileReferenceParameter="./picture"
                id="imagefield"
                name="./contentImage"
                title="Image1"
                xtype="smartimage"/>
            <productimage2
                jcr:primaryType="cq:Widget"
                allowUpload="{Boolean}false"
                ddGroups="[media]"
                fileNameParameter="./imageFileName2"
                fileReferenceParameter="./picture2"
                name="./contentImage2"
                title="Image2"
                xtype="smartimage"/>
            <productimage3
                jcr:primaryType="cq:Widget"
                allowUpload="{Boolean}false"
                ddGroups="[media]"
                fileNameParameter="./imageFileName3"
                fileReferenceParameter="./picture3"
                name="./contentImage3"
                title="Image3"
                xtype="smartimage"/>
            <productimage4
                jcr:primaryType="cq:Widget"
                allowUpload="{Boolean}false"
                ddGroups="[media]"
                fileNameParameter="./imageFileName4"
                fileReferenceParameter="./picture4"
                name="./contentImage4"
                title="Image4"
                xtype="smartimage"/>
            <productimage5
                jcr:primaryType="cq:Widget"
                allowUpload="{Boolean}false"
                ddGroups="[media]"
                fileNameParameter="./imageFileName5"
                fileReferenceParameter="./picture5"
                name="./contentImage5"
                title="Image5"
                xtype="smartimage"/>
            <productimage6
                jcr:primaryType="cq:Widget"
                allowUpload="{Boolean}false"
                ddGroups="[media]"
                fileNameParameter="./imageFileName6"
                fileReferenceParameter="./picture6"
                name="./contentImage6"
                title="Image6"
                xtype="smartimage"/>
            <features
                jcr:primaryType="cq:Panel"
                title="Features">
                <items jcr:primaryType="cq:WidgetCollection">
                    <contenttitle
                        jcr:primaryType="nt:unstructured"
                        allowBlank="{Boolean}true"
                        fieldDescription="Content Title of the tab."
                        fieldLabel="Content Title"
                        name="./contenttitle"
                        validateOnBlur="true"
                        xtype="textfield"/>
                    <carriervalue
                        jcr:primaryType="nt:unstructured"
                        fieldLabel="Carrier"
                        name="./carriervalue"
                        validateOnBlur="true"
                        xtype="textfield"/>
                    <countryvalue
                        jcr:primaryType="nt:unstructured"
                        fieldLabel="Country"
                        name="./countryvalue"
                        validateOnBlur="true"
                        xtype="textfield"/>
                    <processorfamilyvalue
                        jcr:primaryType="nt:unstructured"
                        fieldLabel="Processor Family"
                        name="./processorvalue"
                        validateOnBlur="true"
                        xtype="textfield"/>
                    <convertabilityvalue
                        jcr:primaryType="nt:unstructured"
                        fieldLabel="Convertability"
                        name="./convertvalue"
                        validateOnBlur="true"
                        xtype="textfield"/>
                    <screensizevalue
                        jcr:primaryType="nt:unstructured"
                        fieldLabel="Screen Size"
                        name="./screenvalue"
                        validateOnBlur="true"
                        xtype="textfield"/>
                    <ramvalue
                        jcr:primaryType="nt:unstructured"
                        fieldLabel="RAM"
                        name="./ramvalue"
                        validateOnBlur="true"
                        xtype="textfield"/>
                    <wifivalue
                        jcr:primaryType="nt:unstructured"
                        fieldLabel="WiFi"
                        name="./wifivalue"
                        validateOnBlur="true"
                        xtype="textfield"/>
                    <_x0033_gvalue
                        jcr:primaryType="nt:unstructured"
                        fieldLabel="3G"
                        name="./threegvalue"
                        validateOnBlur="true"
                        xtype="textfield"/>
                    <thicknessvalue
                        jcr:primaryType="nt:unstructured"
                        fieldLabel="Thickness"
                        name="./thicknessvalue"
                        validateOnBlur="true"
                        xtype="textfield"/>
                    <weightvalue
                        jcr:primaryType="nt:unstructured"
                        fieldLabel="Weight"
                        name="./weightvalue"
                        validateOnBlur="true"
                        xtype="textfield"/>
                </items>
            </features>
            <additionalfeatures
                jcr:primaryType="cq:Panel"
                title="Additional Features">
                <items jcr:primaryType="cq:WidgetCollection">
                    <featuredproperty
                        jcr:primaryType="cq:Widget"
                        customMultiFieldName="./featureproperty"
                        fieldDescription="Click the '+' to add a new feature property"
                        fieldLabel="Featured Property List"
                        name="./featureproperty"
                        xtype="custommultifield">
                        <fieldConfig jcr:primaryType="cq:WidgetCollection">
                            <propertylabel
                                jcr:primaryType="nt:unstructured"
                                allowBlank="{Boolean}false"
                                fieldLabel="Property Label"
                                name="./propertylabel"
                                validateOnBlur="true"
                                xtype="textfield"/>
                            <propertyvalue
                                jcr:primaryType="nt:unstructured"
                                allowBlank="{Boolean}false"
                                fieldLabel="Property Value"
                                name="./propertyvalue"
                                validateOnBlur="true"
                                xtype="textfield"/>
                        </fieldConfig>
                    </featuredproperty>
                </items>
            </additionalfeatures>
            <motherboardfeatures
                jcr:primaryType="cq:Panel"
                title="Motherboards Features">
                <items jcr:primaryType="cq:WidgetCollection">
                    <chipset
                        jcr:primaryType="nt:unstructured"
                        fieldLabel="Chipset"
                        name="./736"
                        validateOnBlur="true"
                        xtype="textfield"/>
                    <socket
                        jcr:primaryType="nt:unstructured"
                        fieldLabel="Socket"
                        name="./706"
                        validateOnBlur="true"
                        xtype="textfield"/>
                    <intggraphics
                        jcr:primaryType="nt:unstructured"
                        fieldLabel="Integrated Graphics"
                        name="./731"
                        validateOnBlur="true"
                        xtype="textfield"/>
                    <boardseries
                        jcr:primaryType="nt:unstructured"
                        fieldLabel="Board Series"
                        name="./733"
                        validateOnBlur="true"
                        xtype="textfield"/>
                    <boardfamily
                        jcr:primaryType="nt:unstructured"
                        fieldLabel="Board Family"
                        name="./734"
                        validateOnBlur="true"
                        xtype="textfield"/>
                    <boardformfactor
                        jcr:primaryType="nt:unstructured"
                        fieldLabel="Board Form Factor"
                        name="./735"
                        validateOnBlur="true"
                        xtype="textfield"/>
                    <memory
                        jcr:primaryType="nt:unstructured"
                        fieldLabel="Memory"
                        name="./737"
                        validateOnBlur="true"
                        xtype="textfield"/>
                </items>
            </motherboardfeatures>
            <ultrabooksfeatures
                jcr:primaryType="cq:Panel"
                title="Ultrabooks Features">
                <items jcr:primaryType="cq:WidgetCollection">
                    <manufacturer
                        jcr:primaryType="nt:unstructured"
                        fieldLabel="Manufacturer"
                        name="./manufacturer"
                        validateOnBlur="true"
                        xtype="textfield"/>
                    <processor
                        jcr:primaryType="nt:unstructured"
                        fieldLabel="Processor"
                        name="./processor"
                        validateOnBlur="true"
                        xtype="textfield"/>
                    <processors
                        jcr:primaryType="cq:Widget"
                        fieldLabel="Select the Processor"
                        multiSelect="{Boolean}true"
                        name="./filterprocessor"
                        options="$PATH.processors.json"
                        optionsRoot="processors"
                        optionsTextField="label"
                        optionsValueField="id"
                        type="checkbox"
                        xtype="selection"/>
                    <speed
                        jcr:primaryType="nt:unstructured"
                        fieldLabel="Speed"
                        name="./speed"
                        validateOnBlur="true"
                        xtype="textfield"/>
                    <ram
                        jcr:primaryType="nt:unstructured"
                        fieldLabel="RAM"
                        name="./ram"
                        validateOnBlur="true"
                        xtype="textfield"/>
                    <screen
                        jcr:primaryType="nt:unstructured"
                        fieldLabel="Screen Size"
                        name="./screen"
                        validateOnBlur="true"
                        xtype="textfield"/>
                    <harddrive
                        jcr:primaryType="nt:unstructured"
                        fieldLabel="Hard Drive"
                        name="./hardDrive"
                        validateOnBlur="true"
                        xtype="textfield"/>
                    <os
                        jcr:primaryType="nt:unstructured"
                        fieldLabel="Operating System"
                        name="./os"
                        validateOnBlur="true"
                        xtype="textfield"/>
                    <weight
                        jcr:primaryType="nt:unstructured"
                        fieldLabel="Weight"
                        name="./weight"
                        validateOnBlur="true"
                        xtype="textfield"/>
                </items>
            </ultrabooksfeatures>
            <ssdfeatures
                jcr:primaryType="cq:Panel"
                title="Solid State Drive Features">
                <items jcr:primaryType="cq:WidgetCollection">
                    <capacity
                        jcr:primaryType="nt:unstructured"
                        fieldLabel="Capacity"
                        name="./3"
                        validateOnBlur="true"
                        xtype="textfield"/>
                    <sequentialreadwrite
                        jcr:primaryType="nt:unstructured"
                        fieldLabel="Sequential Read/write"
                        name="./seqreadwrite"
                        validateOnBlur="true"
                        xtype="textfield"/>
                    <ranreadwrite
                        jcr:primaryType="nt:unstructured"
                        fieldLabel="Random 4KB Read/Write"
                        name="./ranreadwrite"
                        validateOnBlur="true"
                        xtype="textfield"/>
                    <formfactor
                        jcr:primaryType="nt:unstructured"
                        fieldLabel="Form Factor"
                        name="./740"
                        validateOnBlur="true"
                        xtype="textfield"/>
                    <interface
                        jcr:primaryType="nt:unstructured"
                        fieldLabel="Interface"
                        name="./741"
                        validateOnBlur="true"
                        xtype="textfield"/>
                </items>
            </ssdfeatures>
            <info
                jcr:primaryType="cq:Panel"
                title="Info Tab">
                <items jcr:primaryType="cq:WidgetCollection">
                    <information
                        jcr:primaryType="cq:Widget"
                        html="&lt;p> &lt;b>&lt;/b> &lt;/p>&#xa;&lt;p> &#xa;&#x9;&lt;h1 style=&quot;font-size:1.35em;&quot;> &#xa;&#x9;&#x9;&lt;b>Product Details CMS :&lt;/b> &#xa;&#x9;&lt;/h1> &#xa;&lt;/p> &#xa;&lt;p>&lt;/p>&#xa;&lt;p> &#xa;&#x9;&lt;h1 style=&quot;font-size:1.2em;&quot;>For Product Categories where SHOP API data is not available or not providing the desired experience, an author may create Product Detail pages with in the CMS with content entered copy, image, and links.&lt;/h1>&#xa;&lt;/p>&#xa;&lt;p> &#xa;&#x9;&lt;b> &#xa;&#x9;&#x9;&lt;br type=&quot;_moz&quot;> &#xa;&#x9;&lt;/b> &#xa;&lt;/p>&#xa;&lt;p> &#xa;&#x9;&lt;h1 style=&quot;font-size:1.2em;&quot;>The Product Detail CMS page utilizes the Product Details CMS Template and its core features are displayed using the Product Details CMS component. The below section details the authoring options available. It is designed to be very similar to the API Product Detail template, but just allows the content to be fully entered by a content author.&lt;/h1>&#xa;&lt;/p>&#xa;&lt;p>&lt;/p>&#xa;&lt;p style=&quot;margin-top:1em;&quot;>&#xa;&#x9;&lt;b style=&quot;font-size:1.35em;&quot;>Authoring options:&lt;/b>&#xa;&lt;/p> &#xa;&lt;p> &#xa;&#x9;&lt;h1 style=&quot;font-size:1.2em;&quot;>There are three areas providing authoring options on a Product Detail CMS page. The Product details CMS component, External Links, and the options to include additional CMS components&lt;/h1> &#xa;&lt;/p> &#xa;&lt;p style=&quot;margin-top:1em;&quot;>&#xa;&#x9;&lt;b style=&quot;font-size:1.35em;&quot;>Product Details CMS&lt;/b>&#xa;&lt;/p> &#xa;&lt;p> &#xa;&#x9;&lt;h1 style=&quot;font-size:1.2em;&quot;>Mouse over the body of the blank component or the image of an existing product page, right click, and select Edit. This will launch the Productdetails CMS authoring dialog.&lt;/h1> &#xa;&lt;/p> &#xa;&lt;p> &#xa;&#x9;&lt;b> &#xa;&#x9;&#x9;&lt;br type=&quot;_moz&quot;> &#xa;&#x9;&lt;/b> &#xa;&lt;/p>&#xa;&lt;p> &#xa;&#x9;&lt;h1 style=&quot;font-size:1.2em;&quot;>The authoring dialog is broken into 7 tabs which fall under two primary groups&lt;/h1> &#xa;&#x9;&lt;h1 style=&quot;font-size:1.2em; margin-left:2em;&quot;>1.&#x9;Core Product Details content&lt;/h1>&#xa;&#x9;&lt;h1 style=&quot;font-size:1.2em; margin-left:2em;&quot;>2.&#x9;Category Specific Feature Bullet Content&lt;/h1>&#xa;&lt;/p> &#xa;&lt;p style=&quot;margin-top:1em;&quot;>&#xa;&#x9;&lt;b style=&quot;font-size:1.35em;&quot;>Core Product Details&lt;/b>&#xa;&#x9;&lt;h1 style=&quot;font-size:1.2em;&quot;>– (Product Details, Image, Additional Features)&lt;/h1>&#xa;&#x9;&#xa;&lt;/p>&#xa;&lt;p> &#xa;&#x9;&lt;h1 style=&quot;font-size:1.2em;&quot;>Core Product content refers to content that will apply to all products regardless of category. These are covered in the Product Details, Image, and Additional Features tabs. Each is broken down below.&lt;/h1> &#xa;&lt;/p>&#xa;&lt;p style=&quot;margin-top:1em;&quot;>&#xa;&#x9;&lt;b style=&quot;font-size:1.35em;&quot;>Product Details&lt;/b>&#xa;&lt;/p>&#xa;&lt;p> &#xa;&#x9;&lt;b> &#xa;&#x9;&#x9;&lt;br type=&quot;_moz&quot;> &#xa;&#x9;&lt;/b> &#xa;&lt;/p> &#xa;&lt;table border=&quot;1&quot; cellspacing=&quot;10&quot; cellpadding=&quot;10&quot;> &#xa;&#x9;&lt;tbody> &#xa;&#x9;&#x9;&lt;tr> &#xa;&#x9;&#x9;&#x9;&lt;td width=&quot;151&quot; valign=&quot;top&quot; style=&quot;border:1px solid #ccc;padding:5px; &quot;> &#xa;&#x9;&#x9;&#x9;&#x9;&lt;p> &#xa;&#x9;&#x9;&#x9;&#x9;&#x9;&lt;b>Product Title&lt;/b> &#xa;&#x9;&#x9;&#x9;&#x9;&lt;/p> &#xa;&#x9;&#x9;&#x9;&lt;/td> &#xa;&#x9;&#x9;&#x9;&lt;td width=&quot;487&quot; valign=&quot;top&quot; style=&quot;border:1px solid #ccc; padding:5px; font-size:1.2em;&quot;> &#xa;&#x9;&#x9;&#x9;&#x9;&lt;p>Product Title which appears above the Product Hero Image&lt;/p> &#xa;&#x9;&#x9;&#x9;&lt;/td> &#xa;&#x9;&#x9;&lt;/tr> &#xa;&#x9;&#x9;&lt;tr> &#xa;&#x9;&#x9;&#x9;&lt;td width=&quot;151&quot; valign=&quot;top&quot; style=&quot;border:1px solid #ccc;padding:5px; &quot;> &#xa;&#x9;&#x9;&#x9;&#x9;&lt;p> &#xa;&#x9;&#x9;&#x9;&#x9;&#x9;&lt;b>Description&lt;/b> &#xa;&#x9;&#x9;&#x9;&#x9;&lt;/p> &#xa;&#x9;&#x9;&#x9;&lt;/td> &#xa;&#x9;&#x9;&#x9;&lt;td width=&quot;487&quot; valign=&quot;top&quot; style=&quot;border:1px solid #ccc; padding:5px; font-size:1.2em;&quot;> &#xa;&#x9;&#x9;&#x9;&#x9;&lt;p>Appears in the body of the page. The white area below the image.&lt;/p> &#xa;&#x9;&#x9;&#x9;&lt;/td> &#xa;&#x9;&#x9;&lt;/tr> &#xa;&#x9;&#x9;&lt;tr> &#xa;&#x9;&#x9;&#x9;&lt;td width=&quot;151&quot; valign=&quot;top&quot; style=&quot;border:1px solid #ccc;padding:5px; &quot;> &#xa;&#x9;&#x9;&#x9;&#x9;&lt;p> &#xa;&#x9;&#x9;&#x9;&#x9;&#x9;&lt;b>Best Price&lt;/b> &#xa;&#x9;&#x9;&#x9;&#x9;&lt;/p> &#xa;&#x9;&#x9;&#x9;&lt;/td> &#xa;&#x9;&#x9;&#x9;&lt;td width=&quot;487&quot; valign=&quot;top&quot; style=&quot;border:1px solid #ccc; padding:5px; font-size:1.2em;&quot;> &#xa;&#x9;&#x9;&#x9;&#x9;&lt;p>Optional Retail Price. If provided, it will appear below the product image.&lt;/p> &#xa;&#x9;&#x9;&#x9;&lt;/td> &#xa;&#x9;&#x9;&lt;/tr> &#xa;&#x9;&#x9;&lt;tr> &#xa;&#x9;&#x9;&#x9;&lt;td width=&quot;151&quot; valign=&quot;top&quot; style=&quot;border:1px solid #ccc;padding:5px; &quot;> &#xa;&#x9;&#x9;&#x9;&#x9;&lt;p> &#xa;&#x9;&#x9;&#x9;&#x9;&#x9;&lt;b>Add to Compare Button&lt;/b> &#xa;&#x9;&#x9;&#x9;&#x9;&lt;/p> &#xa;&#x9;&#x9;&#x9;&lt;/td> &#xa;&#x9;&#x9;&#x9;&lt;td width=&quot;487&quot; valign=&quot;top&quot; style=&quot;border:1px solid #ccc; padding:5px; font-size:1.2em;&quot;> &#xa;&#x9;&#x9;&#x9;&#x9;&lt;p>This must be set to “Hide”. In the future it may be turned on as part of a wider site enhancement.&lt;/p> &#xa;&#x9;&#x9;&#x9;&lt;/td> &#xa;&#x9;&#x9;&lt;/tr> &#xa;&#x9;&lt;/tbody> &#xa;&lt;/table> &#xa;&lt;p> &#xa;&#x9;&lt;b> &#xa;&#x9;&#x9;&lt;br type=&quot;_moz&quot;> &#xa;&#x9;&lt;/b> &#xa;&lt;/p> &#xa;&lt;p style=&quot;margin-top:1em;&quot;>&#xa;&#x9;&lt;b style=&quot;font-size:1.35em;&quot;>Image&lt;/b>&#xa;&lt;/p> &#xa;&lt;p> &#xa;&#x9;&lt;h1 style=&quot;font-size:1.2em;&quot;>Drag and drop the product hero image onto this tab. This image will be used on this Product Detail page, corresponding Product Listing page and Product Carousels where the product is included. Refer to Image Sizing Guide section below for guidance on image creative specs.&lt;/h1> &#xa;&lt;/p> &#xa;&lt;p style=&quot;margin-top:1em;&quot;>&#xa;&#x9;&lt;b style=&quot;font-size:1.35em;&quot;>Additional Features&lt;/b>&#xa;&lt;/p> &#xa;&lt;p> &#xa;&#x9;&lt;h1 style=&quot;font-size:1.2em;&quot;>The Additional Features tab will allow the content author to define specific feature bullets which will appear ONLY on the product details page. They will appear in the defined order below the category specific features defined. NOTE: Category specific features will be detailed in the next section.&lt;/h1> &#xa;&lt;/p> &#xa;&lt;p> &#xa;&#x9;&lt;b> &#xa;&#x9;&#x9;&lt;br type=&quot;_moz&quot;> &#xa;&#x9;&lt;/b> &#xa;&lt;/p>&#xa;&lt;p> &#xa;&#x9;&lt;h1 style=&quot;font-size:1.2em;&quot;>The tab is a multi-select control which allows the author to add, delete, and reorder additional CMS defined Feature bullet point copy.&lt;/h1> &#xa;&lt;/p>&#xa;&lt;p style=&quot;margin-top:1em;&quot;>&#xa;&#x9;&lt;b style=&quot;font-size:1.35em;&quot;>Product Details&lt;/b>&#xa;&lt;/p>&#xa;&lt;p> &#xa;&#x9;&lt;b> &#xa;&#x9;&#x9;&lt;br type=&quot;_moz&quot;> &#xa;&#x9;&lt;/b> &#xa;&lt;/p> &#xa;&lt;table border=&quot;1&quot; cellspacing=&quot;10&quot; cellpadding=&quot;10&quot;> &#xa;&#x9;&lt;tbody> &#xa;&#x9;&#x9;&lt;tr> &#xa;&#x9;&#x9;&#x9;&lt;td width=&quot;151&quot; valign=&quot;top&quot; style=&quot;border:1px solid #ccc;padding:5px; &quot;> &#xa;&#x9;&#x9;&#x9;&#x9;&lt;p> &#xa;&#x9;&#x9;&#x9;&#x9;&#x9;&lt;b>Property label&lt;/b> &#xa;&#x9;&#x9;&#x9;&#x9;&lt;/p> &#xa;&#x9;&#x9;&#x9;&lt;/td> &#xa;&#x9;&#x9;&#x9;&lt;td width=&quot;487&quot; valign=&quot;top&quot; style=&quot;border:1px solid #ccc; padding:5px; font-size:1.2em;&quot;> &#xa;&#x9;&#x9;&#x9;&#x9;&lt;p>Copy which appears first in the bullet point as a bolded label.&lt;/p> &#xa;&#x9;&#x9;&#x9;&lt;/td> &#xa;&#x9;&#x9;&lt;/tr> &#xa;&#x9;&#x9;&lt;tr> &#xa;&#x9;&#x9;&#x9;&lt;td width=&quot;151&quot; valign=&quot;top&quot; style=&quot;border:1px solid #ccc;padding:5px; &quot;> &#xa;&#x9;&#x9;&#x9;&#x9;&lt;p> &#xa;&#x9;&#x9;&#x9;&#x9;&#x9;&lt;b>Property Value&lt;/b> &#xa;&#x9;&#x9;&#x9;&#x9;&lt;/p> &#xa;&#x9;&#x9;&#x9;&lt;/td> &#xa;&#x9;&#x9;&#x9;&lt;td width=&quot;487&quot; valign=&quot;top&quot; style=&quot;border:1px solid #ccc; padding:5px; font-size:1.2em;&quot;> &#xa;&#x9;&#x9;&#x9;&#x9;&lt;p>Value copy which appears after the feature bullet label copy.&lt;/p> &#xa;&#x9;&#x9;&#x9;&lt;/td> &#xa;&#x9;&#x9;&lt;/tr> &#x9;&#x9;&#xa;&#x9;&lt;/tbody> &#xa;&lt;/table>&#xa;&lt;p> &#xa;&#x9;&lt;b> &#xa;&#x9;&#x9;&lt;br type=&quot;_moz&quot;> &#xa;&#x9;&lt;/b> &#xa;&lt;/p>  &#xa;&lt;p style=&quot;margin-top:1em;&quot;>&#xa;&#x9;&lt;b style=&quot;font-size:1.35em;&quot;>Category Specific Feature Bullet Content &lt;/b>&#xa;&lt;/p> &#xa;&lt;p> &#xa;&#x9;&lt;h1 style=&quot;font-size:1.2em;&quot;>These tabs are specific to categories common for CMS product details. Content defined in these tabs also appear in the Product Compare page. The values in each author dialog tab for the specific category are defined in the Tagging feature of DAY CQ. Refer to Compare section for more detail.&lt;/h1> &#xa;&lt;/p> &#xa;&lt;p> &#xa;&#x9;&lt;b> &#xa;&#x9;&#x9;&lt;br type=&quot;_moz&quot;> &#xa;&#x9;&lt;/b> &#xa;&lt;/p>&#xa;&lt;p> &#xa;&#x9;&lt;h1 style=&quot;font-size:1.2em;&quot;>Essentially, these are site defined feature items which should be populated when possible for a CMS product for each of these categories. The values defined here will also appear on the Compare Page and be available for Filter / Sort controls on the Product Listing page. Therefore it is important to follow a common format for each value.&lt;/h1> &#xa;&lt;/p>&#xa;&lt;p> &#xa;&#x9;&lt;b> &#xa;&#x9;&#x9;&lt;br type=&quot;_moz&quot;> &#xa;&#x9;&lt;/b> &#xa;&lt;/p>&#xa;&lt;p> &#xa;&#x9;&lt;h1 style=&quot;font-size:1.2em;&quot;>The above screenshot is an example of a populated US English Ultrabook. Each of the other tabs are specific to different categories. As a content author you should populate each line items with the correct product spec copy.&lt;/h1> &#xa;&lt;/p>&#xa;&lt;p style=&quot;margin-top:1em;&quot;>&#xa;&#x9;&lt;b style=&quot;font-size:1.35em;&quot;>Image Sizing options:&lt;/b>&#xa;&lt;/p>&#xa;&lt;p>&#xa;&#x9;&lt;h1 style=&quot;font-size:1.2em;&quot;>Drag and drop image with dimensions 640X320.&lt;/h1>&#xa;&lt;/p>"
                        name="./label"
                        xtype="label"/>
                </items>
            </info>
        </items>
    </items>
    <listeners
        jcr:primaryType="nt:unstructured"
        beforesubmit="function(dialog){ return IntelUtils.checkImageSizeOfCarouselImageHero(dialog,320,640);}"/>
</jcr:root>
