<?xml version="1.0" encoding="UTF-8"?>
<jcr:root xmlns:cq="http://www.day.com/jcr/cq/1.0" xmlns:jcr="http://www.jcp.org/jcr/1.0" xmlns:nt="http://www.jcp.org/jcr/nt/1.0"
    jcr:primaryType="cq:Dialog"
    title="Find Retailer "
    width="100%"
    xtype="dialog">
    <items
        jcr:primaryType="cq:Widget"
        xtype="tabpanel">
        <items jcr:primaryType="cq:WidgetCollection">
            <title
                jcr:primaryType="cq:Panel"
                title="Retailers Title">
                <items jcr:primaryType="cq:WidgetCollection">
                    <retailertitle
                        jcr:primaryType="cq:Widget"
                        allowBlank="{Boolean}false"
                        defaultValue="Promotion Retailer Finder"
                        fieldDescription="Retailer Title"
                        fieldLabel="Retailer Title"
                        name="./title"
                        xtype="textfield"/>
                    <retaillocatorpagelink
                        jcr:primaryType="cq:Widget"
                        allowBlank="{Boolean}false"
                        editable="{Boolean}true"
                        fieldLabel="Retailer DetailerPage"
                        name="./retaildetail"
                        predicate="hierarchy"
                        xtype="pathfield"/>
                </items>
            </title>
            <pagelisttab
                jcr:primaryType="cq:Panel"
                title="Sort options">
                <items jcr:primaryType="cq:WidgetCollection">
                    <hero
                        jcr:primaryType="cq:Widget"
                        customMultiFieldName="./questions"
                        fieldDescription="Click '+' to add a new option"
                        fieldLabel="Option"
                        maxItems="20"
                        name="./questions"
                        xtype="custommultifield">
                        <fieldConfig jcr:primaryType="cq:WidgetCollection">
                            <retaileroptions
                                jcr:primaryType="cq:Widget"
                                allowBlank="{Boolean}false"
                                fieldLabel="Sort Option"
                                name="./retaileroption"
                                type="select"
                                value="no"
                                width="20"
                                xtype="selection">
                                <options jcr:primaryType="cq:WidgetCollection">
                                    <distance-a
                                        jcr:primaryType="nt:unstructured"
                                        text="Sort by Distance - Ascending"
                                        value="Sort by Distance - Ascending"/>
                                    <distance-d
                                        jcr:primaryType="nt:unstructured"
                                        text="Sort by Distance - Descending"
                                        value="Sort by Distance - Descending"/>
                                    <name-d
                                        jcr:primaryType="nt:unstructured"
                                        text="Sort By Name - Descending"
                                        value="Sort By Name - Descending"/>
                                    <name-a
                                        jcr:primaryType="nt:unstructured"
                                        text="Sort by Name - Ascending"
                                        value="Sort by Name - Ascending"/>
                                </options>
                            </retaileroptions>
                        </fieldConfig>
                    </hero>
                </items>
            </pagelisttab>
            <filterlisttab
                jcr:primaryType="cq:Panel"
                title="Distance Filter options">
                <items jcr:primaryType="cq:WidgetCollection">
                    <hero
                        jcr:primaryType="cq:Widget"
                        customMultiFieldName="./distancefilter"
                        fieldDescription="Click '+' to add a new option"
                        fieldLabel="Option"
                        maxItems="20"
                        name="./distancefilter"
                        xtype="custommultifield">
                        <fieldConfig jcr:primaryType="cq:WidgetCollection">
                            <distanceoptions
                                jcr:primaryType="cq:Widget"
                                allowBlank="{Boolean}false"
                                fieldLabel="Distance Filter Option"
                                name="./distanceoption"
                                type="select"
                                value="no"
                                width="20"
                                xtype="selection">
                                <options jcr:primaryType="cq:WidgetCollection">
                                    <distance-10
                                        jcr:primaryType="nt:unstructured"
                                        text="Within 10km"
                                        value="Within 10km"/>
                                    <distance-25
                                        jcr:primaryType="nt:unstructured"
                                        text="Within 25km"
                                        value="Within 25km"/>
                                    <distance-50
                                        jcr:primaryType="nt:unstructured"
                                        text="Within 50km"
                                        value="Within 50km"/>
                                    <distance-100
                                        jcr:primaryType="nt:unstructured"
                                        text="Within 100km"
                                        value="Within 100km"/>
                                    <distance-300
                                        jcr:primaryType="nt:unstructured"
                                        text="Within 300km"
                                        value="Within 300km"/>
                                    <distance-10000
                                        jcr:primaryType="nt:unstructured"
                                        text="More Than 100km"
                                        value="More Than 100km"/>
                                </options>
                            </distanceoptions>
                        </fieldConfig>
                    </hero>
                </items>
            </filterlisttab>
            <tab2
                jcr:primaryType="cq:Panel"
                title="API info">
                <items jcr:primaryType="cq:WidgetCollection">
                    <pagesize
                        jcr:primaryType="cq:Widget"
                        allowBlank="{Boolean}false"
                        defaultValue="10"
                        fieldDescription="Default Page Size"
                        fieldLabel="Page Size"
                        name="./pagesize"
                        xtype="textfield"/>
                    <apikey
                        jcr:primaryType="cq:Widget"
                        allowBlank="{Boolean}false"
                        defaultValue="qPizmGUq1Uet8ZcgjmkBXA=="
                        fieldDescription="Default API key"
                        fieldLabel="API Key"
                        name="./apikey"
                        xtype="textfield"/>
                </items>
            </tab2>
            <additionalfeatures
                jcr:primaryType="cq:Panel"
                title="Additional Parameters">
                <items jcr:primaryType="cq:WidgetCollection">
                    <featuredproperty
                        jcr:primaryType="cq:Widget"
                        customMultiFieldName="./featureproperty"
                        fieldDescription="Click the '+' to add a new parameter"
                        fieldLabel="Parameter List"
                        name="./paramlist"
                        xtype="custommultifield">
                        <fieldConfig jcr:primaryType="cq:WidgetCollection">
                            <propertylabel
                                jcr:primaryType="nt:unstructured"
                                allowBlank="{Boolean}false"
                                fieldLabel="Parameter Name"
                                name="./paramname"
                                validateOnBlur="true"
                                xtype="textfield"/>
                            <propertyvalue
                                jcr:primaryType="nt:unstructured"
                                allowBlank="{Boolean}false"
                                fieldLabel="Parameter Value"
                                name="./paramvalue"
                                validateOnBlur="true"
                                xtype="textfield"/>
                        </fieldConfig>
                    </featuredproperty>
                </items>
            </additionalfeatures>
            <citytext
                jcr:primaryType="cq:Panel"
                title="Cities">
                <items jcr:primaryType="cq:WidgetCollection">
                    <retailertitle
                        jcr:primaryType="cq:Widget"
                        allowBlank="{Boolean}false"
                        fieldDescription="Please provide a comma-separated list of cities"
                        fieldLabel="List of cities"
                        name="./cities"
                        xtype="textarea"/>
                </items>
            </citytext>
            <info
                jcr:primaryType="cq:Panel"
                title="Info Tab">
                <items jcr:primaryType="cq:WidgetCollection">
                    <information
                        jcr:primaryType="cq:Widget"
                        html="&lt;p>&lt;b>&lt;/b>&lt;/p>&#xa;&lt;p>&lt;h1 style=&quot;font-size:1.35em;&quot;>&lt;b>Find Retailer Component&lt;/b>&lt;/h1>&lt;/p>&#xa;&lt;p>&lt;/p>&#xa;&lt;p>&lt;h1 style=&quot;font-size:1.2em;&quot;>The Find Retailer component is used to set up store locator feature.&lt;/h1>&lt;/p>&#xa;&lt;p style=&quot;margin-top:1em;&quot;>&lt;b style=&quot;font-size:1.35em;&quot;>Authoring options:&lt;/b>&lt;/p>&#xa;&lt;p style=&quot;margin-top:1em;&quot;>&lt;h1 style=&quot;font-size:1.2em;&quot;>From the Find Retailer page, select the find retailer component, right click, and select Edit. This will launch the Author Dialog. &lt;/h1>&lt;/p>&#xa;&lt;p style=&quot;margin-top:1em;&quot;>&lt;h1 style=&quot;font-size:1.2em;&quot;>The component has five tabs:  &lt;/h1>&lt;/p>&#xa;&lt;p style=&quot;margin-top:1em;&quot;>&lt;h1 style=&quot;font-size:1.2em;&quot;>•Retailers Title &lt;/h1>&lt;/p>&#xa;&lt;p style=&quot;margin-top:1em;&quot;>&lt;h1 style=&quot;font-size:1.2em;&quot;>• Sort Options &lt;/h1>&lt;/p>&#xa;&lt;p style=&quot;margin-top:1em;&quot;>&lt;h1 style=&quot;font-size:1.2em;&quot;>•API Info &lt;/h1>&lt;/p>&#xa;&lt;p style=&quot;margin-top:1em;&quot;>&lt;h1 style=&quot;font-size:1.2em;&quot;>•Additional Parameters  &lt;/h1>&lt;/p>&#xa;&lt;p style=&quot;margin-top:1em;&quot;>&lt;h1 style=&quot;font-size:1.2em;&quot;>•Cities &lt;/h1>&lt;/p>&#xa;&lt;p style=&quot;margin-top:1em;&quot;>&lt;b style=&quot;font-size:1.35em;&quot;>Promotion Details Tab&lt;/b>&lt;/p>&#xa;&lt;p style=&quot;margin-top:1em;&quot;>&#xa;&lt;table border=&quot;1&quot; cellspacing=&quot;10&quot; cellpadding=&quot;10&quot;>&#xa;&lt;tbody>&lt;tr>&lt;td width=&quot;151&quot; valign=&quot;top&quot; style=&quot;border:1px solid #ccc;padding:5px; &quot;>&lt;p>&lt;b>Retailers Title&lt;/b>&lt;/p>&#xa;&lt;/td>&#xa;&lt;td width=&quot;487&quot; valign=&quot;top&quot; style=&quot;border:1px solid #ccc; padding:5px; font-size:1.2em;&quot;>&lt;p>This defines the Title to be displayed in the Find Retailer Page &#xa;&lt;/p>&#xa;&lt;/td>&#xa;&lt;/tr>&lt;/tbody>&lt;/table>&lt;/p>&#xa;&lt;p style=&quot;margin-top:1em;&quot;>&lt;b style=&quot;font-size:1.35em;&quot;>Sort Options Tab&lt;/b>&lt;/p>&#xa;&lt;p style=&quot;margin-top:1em;&quot;>&#xa;&lt;table border=&quot;1&quot; cellspacing=&quot;10&quot; cellpadding=&quot;10&quot;>&#xa;&lt;tbody>&lt;tr>&lt;td width=&quot;151&quot; valign=&quot;top&quot; style=&quot;border:1px solid #ccc;padding:5px; &quot;>&lt;p>&lt;b>Option&lt;/b>&lt;/p>&#xa;&lt;/td>&#xa;&lt;td width=&quot;487&quot; valign=&quot;top&quot; style=&quot;border:1px solid #ccc; padding:5px; font-size:1.2em;&quot;>&lt;p>This section defines the sort options to be displayed on the Find Retailer page. Author has 4 pre-defined options. &#xa;&lt;p style=&quot;margin-top:1em;&quot;>&lt;h1 style=&quot;font-size:1em;&quot;>•Sort by Distance – Ascending&lt;/h1>&lt;/p>&#xa;&lt;p style=&quot;margin-top:1em;&quot;>&lt;h1 style=&quot;font-size:1em;&quot;>•Sort by Distance – Descending&lt;/h1>&lt;/p>&#xa;&lt;p style=&quot;margin-top:1em;&quot;>&lt;h1 style=&quot;font-size:1em;&quot;>•Sort by Name – Ascending&lt;/h1>&lt;/p>&#xa;&lt;p style=&quot;margin-top:1em;&quot;>&lt;h1 style=&quot;font-size:1em;&quot;>•Sort by Name – Descending&lt;/h1>&lt;/p>&#xa;&lt;p style=&quot;margin-top:1em;&quot;>&lt;h1 style=&quot;font-size:1em;&quot;>The dropdown on the page will be displayed in the sequence configured here.&lt;/h1>&lt;/p>&#xa;&lt;/p>&#xa;&lt;/td>&#xa;&lt;/tr>&lt;/tbody>&lt;/table>&lt;/p>&#xa;&lt;p style=&quot;margin-top:1em;&quot;>&lt;b style=&quot;font-size:1.35em;&quot;>API Info Tab&lt;/b>&lt;/p>&#xa;&lt;p style=&quot;margin-top:1em;&quot;>&#xa;&lt;table border=&quot;1&quot; cellspacing=&quot;10&quot; cellpadding=&quot;10&quot;>&#xa;&lt;tbody>&lt;tr>&lt;td width=&quot;151&quot; valign=&quot;top&quot; style=&quot;border:1px solid #ccc;padding:5px; &quot;>&lt;p>&lt;b>Page Size&lt;/b>&lt;/p>&#xa;&lt;/td>&#xa;&lt;td width=&quot;487&quot; valign=&quot;top&quot; style=&quot;border:1px solid #ccc; padding:5px; font-size:1.2em;&quot;>&lt;p>This defines the number of retailers to be displayed at a time. The load more button will be displayed after displaying these many numbers of retailers. &#xa;&lt;/p>&#xa;&lt;/td>&#xa;&lt;/tr>&lt;tr>&lt;td width=&quot;151&quot; valign=&quot;top&quot; style=&quot;border:1px solid #ccc ;padding:5px;&quot;>&lt;p>&lt;b>API Key&lt;/b>&lt;/p>&#xa;&lt;/td>&#xa;&lt;td width=&quot;487&quot; valign=&quot;top&quot; style=&quot;border:1px solid #ccc ;padding:5px; font-size:1.2em;&quot;>&lt;p>This information is provided by the technical team. This is the API Key to access the store locator API.&lt;/p>&#xa;&lt;/td>&#xa;&lt;/tr>&lt;/tbody>&lt;/table>&lt;/p>&#xa;&lt;p style=&quot;margin-top:1em;&quot;>&lt;b style=&quot;font-size:1.35em;&quot;>Additional Parameters Tab&lt;/b>&lt;/p>&#xa;&lt;p style=&quot;margin-top:1em;&quot;>&#xa;&lt;table border=&quot;1&quot; cellspacing=&quot;10&quot; cellpadding=&quot;10&quot;>&#xa;&lt;tbody>&lt;tr>&lt;td width=&quot;151&quot; valign=&quot;top&quot; style=&quot;border:1px solid #ccc;padding:5px; &quot;>&lt;p>&lt;b>Parameter List&lt;/b>&lt;/p>&#xa;&lt;/td>&#xa;&lt;td width=&quot;487&quot; valign=&quot;top&quot; style=&quot;border:1px solid #ccc; padding:5px; font-size:1.2em;&quot;>&lt;p>This section contains Parameter Name and Parameter Value as key value pairs. This information is provided by technical team. These are additional parameters that can be passed to the store locator API to narrow down the results returned. &#xa;&lt;/p>&#xa;&lt;/td>&#xa;&lt;/tr>&lt;/tbody>&lt;/table>&lt;/p>&#xa;&lt;p style=&quot;margin-top:1em;&quot;>&lt;b style=&quot;font-size:1.35em;&quot;>Cities Tab&lt;/b>&lt;/p>&#xa;&lt;p style=&quot;margin-top:1em;&quot;>&#xa;&lt;table border=&quot;1&quot; cellspacing=&quot;10&quot; cellpadding=&quot;10&quot;>&#xa;&lt;tbody>&lt;tr>&lt;td width=&quot;151&quot; valign=&quot;top&quot; style=&quot;border:1px solid #ccc;padding:5px; &quot;>&lt;p>&lt;b>List of Cities&lt;/b>&lt;/p>&#xa;&lt;/td>&#xa;&lt;td width=&quot;487&quot; valign=&quot;top&quot; style=&quot;border:1px solid #ccc; padding:5px; font-size:1.2em;&quot;>&lt;p>This is a comma separated list of city names. This list is used for predictive suggestions on the Find Retailer page when end user keys in city names for search. &#xa;&lt;/p>&#xa;&lt;/td>&#xa;&lt;/tr>&lt;/tbody>&lt;/table>&lt;/p>"
                        name="./label"
                        xtype="label"/>
                </items>
            </info>
        </items>
    </items>
</jcr:root>
