<?xml version="1.0" encoding="UTF-8"?>
<jcr:root xmlns:cq="http://www.day.com/jcr/cq/1.0" xmlns:jcr="http://www.jcp.org/jcr/1.0"
    jcr:primaryType="cq:Dialog"
    title="Article Title"
    width="100%"
    xtype="dialog">
    <items
        jcr:primaryType="cq:Widget"
        xtype="tabpanel">
        <items jcr:primaryType="cq:WidgetCollection">
            <tab1
                jcr:primaryType="cq:Panel"
                title="Title">
                <items jcr:primaryType="cq:WidgetCollection">
                    <title
                        jcr:primaryType="cq:Widget"
                        fieldLabel="Article Title"
                        name="./articletitle"
                        xtype="textfield"/>
                </items>
            </tab1>
            <info
                jcr:primaryType="cq:Panel"
                title="Info Tab">
                <items jcr:primaryType="cq:WidgetCollection">
                    <information
                        jcr:primaryType="cq:Widget"
                        html="&lt;p> &lt;b>&lt;/b> &lt;/p>&#xa;&lt;p> &#xa;&#x9;&lt;h1 style=&quot;font-size:1.35em;&quot;> &#xa;&#x9;&#x9;&lt;b>Article Title :&lt;/b> &#xa;&#x9;&lt;/h1> &#xa;&lt;/p> &#xa;&lt;p>&lt;/p>&#xa;&lt;p> &#xa;&#x9;&lt;h1 style=&quot;font-size:1.2em;&quot;>The Article Title Component exist at the top of the Article Template by default and is used to define the displayed page title.&lt;/h1>&#xa;&lt;/p>&#xa;&lt;p>&lt;/p>&#xa;&lt;p style=&quot;margin-top:1em;&quot;>&#xa;&#x9;&lt;b style=&quot;font-size:1.35em;&quot;>Authoring options:&lt;/b>&#xa;&lt;/p> &#xa;&lt;p> &#xa;&#x9;&lt;h1 style=&quot;font-size:1.2em;&quot;>A content author is able to define a text copy heading for display.&lt;/h1> &#xa;&lt;/p> &#xa;&lt;p> &#xa;&#x9;&lt;b> &#xa;&#x9;&#x9;&lt;br type=&quot;_moz&quot;> &#xa;&#x9;&lt;/b> &#xa;&lt;/p> &#xa;&lt;table border=&quot;1&quot; cellspacing=&quot;10&quot; cellpadding=&quot;10&quot;> &#xa;&#x9;&lt;tbody> &#xa;&#x9;&#x9;&lt;tr> &#xa;&#x9;&#x9;&#x9;&lt;td width=&quot;151&quot; valign=&quot;top&quot; style=&quot;border:1px solid #ccc;padding:5px; &quot;> &#xa;&#x9;&#x9;&#x9;&#x9;&lt;p> &#xa;&#x9;&#x9;&#x9;&#x9;&#x9;&lt;b>Article Title&lt;/b> &#xa;&#x9;&#x9;&#x9;&#x9;&lt;/p> &#xa;&#x9;&#x9;&#x9;&lt;/td> &#xa;&#x9;&#x9;&#x9;&lt;td width=&quot;487&quot; valign=&quot;top&quot; style=&quot;border:1px solid #ccc; padding:5px; font-size:1.2em;&quot;> &#xa;&#x9;&#x9;&#x9;&#x9;&lt;p>Copy to be displayed at the top of the page as the page heading.&lt;/p> &#xa;&#x9;&#x9;&#x9;&lt;/td> &#xa;&#x9;&#x9;&lt;/tr> &#xa;&#x9;&lt;/tbody> &#xa;&lt;/table> &#xa;&lt;p> &#xa;&#x9;&lt;br> &#xa;&lt;/p> &#xa;&lt;p> &#xa;&#x9;&lt;b> &#xa;&#x9;&#x9;&lt;br type=&quot;_moz&quot;> &#xa;&#x9;&lt;/b> &#xa;&lt;/p> &#xa;&lt;p> &#xa;&#x9;&lt;b> &#xa;&#x9;&#x9;&lt;br type=&quot;_moz&quot;> &#xa;&#x9;&lt;/b> &#xa;&lt;/p> &#xa;&lt;p style=&quot;text-align: right;&quot;> &#xa;&#x9;&lt;b> &#xa;&#x9;&#x9;&lt;i> &#xa;&#x9;&#x9;&#x9;&lt;br type=&quot;_moz&quot;> &#xa;&#x9;&#x9;&lt;/i> &#xa;&#x9;&lt;/b> &#xa;&lt;/p>"
                        name="./label"
                        xtype="label"/>
                </items>
            </info>
        </items>
    </items>
</jcr:root>
