<?xml version="1.0" encoding="UTF-8"?>
<jcr:root xmlns:cq="http://www.day.com/jcr/cq/1.0" xmlns:jcr="http://www.jcp.org/jcr/1.0" xmlns:nt="http://www.jcp.org/jcr/nt/1.0"
    jcr:primaryType="cq:Dialog"
    title="Purchasing Option Component"
    width="100%"
    xtype="dialog">
    <items
        jcr:primaryType="cq:Widget"
        xtype="tabpanel">
        <items jcr:primaryType="cq:WidgetCollection">
            <tab1
                jcr:primaryType="cq:Panel"
                title="Retailer Details">
                <items jcr:primaryType="cq:WidgetCollection">
                    <retailerinfo
                        jcr:primaryType="cq:Widget"
                        customMultiFieldName="./retailerinfo"
                        fieldDescription="Click the '+' to add a new Link."
                        fieldLabel="Retailer Details"
                        name="./retailerinfo"
                        xtype="custommultifield">
                        <fieldConfig jcr:primaryType="cq:WidgetCollection">
                            <companyname
                                jcr:primaryType="cq:Widget"
                                allowBlank="{Boolean}false"
                                fieldLabel="Company Name"
                                name="./companyname"
                                xtype="textfield"/>
                            <companyurl
                                jcr:primaryType="cq:Widget"
                                allowBlank="{Boolean}false"
                                editable="{Boolean}true"
                                fieldLabel="Company URL"
                                name="./companyurl"
                                predicate="hierarchy"
                                xtype="pathfield"/>
                            <sameornewwindow
                                jcr:primaryType="cq:Widget"
                                allowBlank="{Boolean}false"
                                defaultValue="no"
                                fieldLabel="Open in new window"
                                name="./newwindow"
                                type="select"
                                value="no"
                                width="20"
                                xtype="selection">
                                <options jcr:primaryType="cq:WidgetCollection">
                                    <no
                                        jcr:primaryType="nt:unstructured"
                                        text="No"
                                        value="no"/>
                                    <yes
                                        jcr:primaryType="nt:unstructured"
                                        text="Yes"
                                        value="yes"/>
                                </options>
                            </sameornewwindow>
                            <productPrice
                                jcr:primaryType="cq:Widget"
                                allowBlank="{Boolean}true"
                                fieldLabel="Product Price"
                                name="./productprice"
                                xtype="textfield"/>
                            <logoimage
                                jcr:primaryType="cq:Widget"
                                allowBlank="{Boolean}false"
                                editable="{Boolean}true"
                                fieldLabel="Logo Image"
                                name="./logoimage"
                                predicate="hierarchy"
                                xtype="pathfield"/>
                        </fieldConfig>
                    </retailerinfo>
                </items>
            </tab1>
            <info
                jcr:primaryType="cq:Panel"
                title="Info Tab">
                <items jcr:primaryType="cq:WidgetCollection">
                    <information
                        jcr:primaryType="cq:Widget"
                        html="&lt;p>&lt;b>&lt;/b>&lt;/p>&#xa;&lt;p>&lt;h1 style=&quot;font-size:1.35em;&quot;>&lt;b>Purchasing Options Component:&lt;/b>&lt;/h1>&lt;/p>&#xa;&lt;p>&lt;/p>&#xa;&lt;p>&lt;h1 style=&quot;font-size:1.2em;&quot;>Content Author can drag the ‘Purchasing Options’ component to the product template. Mouse over the text “Double Click to Edit Purchase Option Component”, double click or right click and select Edit. This will launch the Purchasing Option author dialog. This control allows a content author to add one more or retailers as purchasing option to the product detail page.  &lt;/h1>&lt;/p>&#xa;&lt;p>&lt;h1 style=&quot;font-size:1.2em;&quot;>The dialog is a single tab – ‘Retailer Details’ - with a multi-field control which allows the author to define the following for each retailer defined.&lt;/h1>&lt;/p>&#xa;&lt;p style=&quot;margin-top:1em;&quot;>&#xa;&lt;table border=&quot;1&quot; cellspacing=&quot;10&quot; cellpadding=&quot;10&quot;>&#xa;&lt;tbody>&lt;tr>&lt;td width=&quot;151&quot; valign=&quot;top&quot; style=&quot;border:1px solid #ccc;padding:5px; &quot;>&lt;p>&lt;b>Company Name&lt;/b>&lt;/p>&#xa;&lt;/td>&#xa;&lt;td width=&quot;487&quot; valign=&quot;top&quot; style=&quot;border:1px solid #ccc; padding:5px; font-size:1.2em;&quot;>&lt;p>Retailer name displayed on the product page&lt;/p>&#xa;&lt;/td>&#xa;&lt;/tr>&lt;tr>&lt;td width=&quot;151&quot; valign=&quot;top&quot; style=&quot;border:1px solid #ccc ;padding:5px;&quot;>&lt;p>&lt;b>Company URL&lt;/b>&lt;/p>&#xa;&lt;/td>&#xa;&lt;td width=&quot;487&quot; valign=&quot;top&quot; style=&quot;border:1px solid #ccc ;padding:5px; font-size:1.2em;&quot;>&lt;p>Internal or External Link URL&lt;/p>&#xa;&lt;/td>&#xa;&lt;/tr>&lt;tr>&lt;td width=&quot;151&quot; valign=&quot;top&quot; style=&quot;border:1px solid #ccc ;padding:5px;&quot;>&lt;p>&lt;b>Open in new window&lt;/b>&lt;/p>&#xa;&lt;/td>&#xa;&lt;td width=&quot;487&quot; valign=&quot;top&quot; style=&quot;border:1px solid #ccc ;padding:5px; font-size:1.2em;&quot;>&lt;p>Internal links are set to No. External links are set to Yes&lt;/p>&#xa;&lt;/td>&#xa;&lt;/tr>&lt;tr>&lt;td width=&quot;151&quot; valign=&quot;top&quot; style=&quot;border:1px solid #ccc ;padding:5px;&quot;>&lt;p>&lt;b>Product Price&lt;/b>&lt;/p>&#xa;&lt;/td>&#xa;&lt;td width=&quot;487&quot; valign=&quot;top&quot; style=&quot;border:1px solid #ccc ;padding:5px;font-size:1.2em;&quot;>&lt;p>Retail price for the product in the company site &#xa;&lt;/p>&#xa;&lt;/td>&#xa;&lt;/tr>&lt;tr>&#xa;&lt;td width=&quot;151&quot; valign=&quot;top&quot; style=&quot;border:1px solid #ccc ;padding:5px;&quot;>&lt;p>&lt;b>Logo Image&lt;/b>&lt;/p>&#xa;&lt;/td>&#xa;&lt;td width=&quot;487&quot; valign=&quot;top&quot; style=&quot;border:1px solid #ccc ;padding:5px;font-size:1.2em;&quot;>&lt;p>Internal image URL to the company logo.Suggested image size :175 X 175&#xa;&lt;/p>&#xa;&lt;/td>&#xa;&lt;/tr>&lt;/tbody>&lt;/table>&lt;/p>"
                        name="./label"
                        xtype="label"/>
                </items>
            </info>
        </items>
    </items>
    <listeners
        jcr:primaryType="nt:unstructured"
        beforesubmit="function(dialog){ return IntelUtils.checkImageSizeOfMultiImage(dialog,'./logoimage',175,175);}"/>
</jcr:root>
