<?xml version="1.0" encoding="UTF-8"?>
<jcr:root xmlns:cq="http://www.day.com/jcr/cq/1.0" xmlns:jcr="http://www.jcp.org/jcr/1.0"
    jcr:primaryType="cq:Dialog"
    title="Content Title"
    width="100%"
    xtype="dialog">
    <items
        jcr:primaryType="cq:Widget"
        xtype="tabpanel">
        <items jcr:primaryType="cq:WidgetCollection">
            <tab1
                jcr:primaryType="cq:Panel"
                title="Config">
                <items jcr:primaryType="cq:WidgetCollection">
                    <path
                        jcr:primaryType="cq:Widget"
                        fieldLabel="Select the Node Path"
                        name="./path"
                        xtype="browsefield"/>
                </items>
            </tab1>
            <info
                jcr:primaryType="cq:Panel"
                title="Info Tab">
                <items jcr:primaryType="cq:WidgetCollection">
                    <information
                        jcr:primaryType="cq:Widget"
                        html="&lt;p> &lt;b>&lt;/b> &lt;/p>&#xa;&lt;p> &#xa;&#x9;&lt;h1 style=&quot;font-size:1.35em;&quot;> &#xa;&#x9;&#x9;&lt;b>Update Title Utility&lt;/b> &#xa;&#x9;&lt;/h1> &#xa;&lt;/p> &#xa;&lt;p>&lt;/p>&#xa;&lt;p> &#xa;&#x9;&lt;h1 style=&quot;font-size:1.2em;&quot;>The Update Title Utility is used to update the page titles with SEO friendly values. The SEO friendly titles can be set up in an excel file containing the node name for the product or page being updated and the corresponding title.&lt;/h1>&#xa;&lt;/p>&#xa;&lt;p> &#xa;&#x9;&lt;b> &#xa;&#x9;&#x9;&lt;br type=&quot;_moz&quot;> &#xa;&#x9;&lt;/b> &#xa;&lt;/p>&#xa;&lt;p style=&quot;margin-top:1em;&quot;>&#xa;&#x9;&lt;b style=&quot;font-size:1.35em;&quot;>Authoring options:&lt;/b>&#xa;&lt;/p> &#xa;&lt;p> &#xa;&#x9;&lt;h1 style=&quot;font-size:1.2em;&quot;>Create a new page using the ‘Blank Page Template’. Open the page in Author and go to ‘Design Mode’. Select the ‘intel-utils’ component group to be displayed in sidekick. Add the ‘update title utility’ component to the blank page.&lt;/h1> &#xa;&lt;/p> &#xa;&lt;p style=&quot;margin-top:1em;&quot;>&#xa;&#x9;&lt;b style=&quot;font-size:1.35em;&quot;>Open the Author Dialog&lt;/b>&#xa;&lt;/p> &#xa;&lt;p> &#xa;&#x9;&lt;h1 style=&quot;font-size:1.2em;&quot;>From the Blank page, select the ‘update title utility’ component, right click, and select Edit. This will launch the Author Dialog.&lt;/h1> &#xa;&lt;/p> &#xa;&lt;p> &#xa;&#x9;&lt;b> &#xa;&#x9;&#x9;&lt;br type=&quot;_moz&quot;> &#xa;&#x9;&lt;/b> &#xa;&lt;/p>&#xa;&lt;p> &#xa;&#x9;&lt;h1 style=&quot;font-size:1.2em;&quot;>The component has just one tab:&lt;/h1> &#xa;&#x9;&lt;h1 style=&quot;font-size:1.2em; margin-left:2em;&quot;>1. Config&lt;/h1>&#xa;&lt;/p> &#xa;&lt;table border=&quot;1&quot; cellspacing=&quot;10&quot; cellpadding=&quot;10&quot;> &#xa;&#x9;&lt;tbody> &#xa;&#x9;&#x9;&lt;tr> &#xa;&#x9;&#x9;&#x9;&lt;td width=&quot;151&quot; valign=&quot;top&quot; style=&quot;border:1px solid #ccc;padding:5px; &quot;> &#xa;&#x9;&#x9;&#x9;&#x9;&lt;p> &#xa;&#x9;&#x9;&#x9;&#x9;&#x9;&lt;b>Select the Node Path&lt;/b> &#xa;&#x9;&#x9;&#x9;&#x9;&lt;/p> &#xa;&#x9;&#x9;&#x9;&lt;/td> &#xa;&#x9;&#x9;&#x9;&lt;td width=&quot;487&quot; valign=&quot;top&quot; style=&quot;border:1px solid #ccc; padding:5px; font-size:1.2em;&quot;> &#xa;&#x9;&#x9;&#x9;&#x9;&lt;p>Select the path where the excel file with title values are present&lt;/p> &#xa;&#x9;&#x9;&#x9;&lt;/td> &#xa;&#x9;&#x9;&lt;/tr> &#xa;&#x9;&lt;/tbody> &#xa;&lt;/table>"
                        name="./label"
                        xtype="label"/>
                </items>
            </info>
        </items>
    </items>
</jcr:root>
