<?xml version="1.0" encoding="UTF-8"?>
<jcr:root xmlns:cq="http://www.day.com/jcr/cq/1.0" xmlns:jcr="http://www.jcp.org/jcr/1.0" xmlns:nt="http://www.jcp.org/jcr/nt/1.0"
    jcr:primaryType="cq:Dialog"
    title="Locale Config Component"
    width="100%"
    xtype="dialog">
    <items jcr:primaryType="cq:TabPanel">
        <items jcr:primaryType="cq:WidgetCollection">
            <general
                jcr:primaryType="cq:Panel"
                title="General">
                <items jcr:primaryType="cq:WidgetCollection">
                    <reskinchange
                        jcr:primaryType="cq:Widget"
                        allowBlank="{Boolean}true"
                        defaultValue="no"
                        fieldLabel="Want Reskin Changes"
                        name="./reskinreq"
                        type="select"
                        width="20"
                        xtype="selection">
                        <options jcr:primaryType="cq:WidgetCollection">
                            <no
                                jcr:primaryType="nt:unstructured"
                                text="No"
                                value="no"/>
                            <yes
                                jcr:primaryType="nt:unstructured"
                                text="Yes"
                                value="yes"/>
                        </options>
                    </reskinchange>
                    <localeid
                        jcr:primaryType="cq:Widget"
                        allowBlank="{Boolean}false"
                        autoWidth="{Boolean}true"
                        fieldLabel="Locale ID"
                        name="./localeid"
                        regex="/^[a-zA-Z0-9-_]{0,12}$/"
                        regexText="You have exceeded maxlength"
                        xtype="textfield"/>
                    <currencycode
                        jcr:primaryType="cq:Widget"
                        allowBlank="{Boolean}false"
                        autoWidth="{Boolean}true"
                        fieldLabel="Currency Code"
                        name="./currencycode"
                        xtype="textfield"/>
                    <language
                        jcr:primaryType="cq:Widget"
                        allowBlank="{Boolean}false"
                        autoWidth="{Boolean}true"
                        fieldLabel="Language"
                        name="./language"
                        xtype="textfield"/>
                    <gsv
                        jcr:primaryType="cq:Widget"
                        allowBlank="{Boolean}false"
                        autoWidth="{Boolean}true"
                        fieldLabel="Google Site Verification"
                        name="./gsv"
                        xtype="textfield"/>
                    <domainname
                        jcr:primaryType="cq:Widget"
                        autoWidth="{Boolean}true"
                        fieldLabel="Domain Name (AKAMAI)"
                        name="./domname"
                        xtype="textfield"/>
                    <bbdomainname
                        jcr:primaryType="cq:Widget"
                        autoWidth="{Boolean}true"
                        fieldLabel="Big Browser Domain Name"
                        name="./bbdomainname"
                        xtype="textfield"/>
                    <fontvalue
                        jcr:primaryType="cq:Widget"
                        autoWidth="{Boolean}true"
                        defaultValue="arial"
                        fieldLabel="Font Value"
                        name="./fontvalue"
                        type="select"
                        xtype="selection">
                        <options jcr:primaryType="cq:WidgetCollection">
                            <arial
                                jcr:primaryType="nt:unstructured"
                                text="Default(Arial)"
                                value="arial"/>
                            <courier
                                jcr:primaryType="nt:unstructured"
                                text="courier"
                                value="courier"/>
                            <couriernew
                                jcr:primaryType="nt:unstructured"
                                text="courier new"
                                value="courier new"/>
                            <georgia
                                jcr:primaryType="nt:unstructured"
                                text="georgia"
                                value="georgia"/>
                            <helvetica
                                jcr:primaryType="nt:unstructured"
                                text="helvetica"
                                value="helvetica"/>
                            <timesnewroman
                                jcr:primaryType="nt:unstructured"
                                text="times new roman"
                                value="times new roman"/>
                            <trebuchetms
                                jcr:primaryType="nt:unstructured"
                                text="trebuchet ms"
                                value="trebuchet ms"/>
                            <verdana
                                jcr:primaryType="nt:unstructured"
                                text="verdana"
                                value="verdana"/>
                            <neosansStdRegular
                                jcr:primaryType="nt:unstructured"
                                text="NeoSansStd-Regular"
                                value="neosansStdRegular"/>
                        </options>
                    </fontvalue>
                    <enableredirection
                        jcr:primaryType="cq:Widget"
                        allowBlank="{Boolean}true"
                        defaultValue="yes"
                        fieldLabel="Enable Redirection to Big Browser?"
                        name="./enableredirection"
                        type="select"
                        width="20"
                        xtype="selection">
                        <options jcr:primaryType="cq:WidgetCollection">
                            <no
                                jcr:primaryType="nt:unstructured"
                                text="No"
                                value="no"/>
                            <yes
                                jcr:primaryType="nt:unstructured"
                                text="Yes"
                                value="yes"/>
                        </options>
                    </enableredirection>
                    <audiencefilter
                        jcr:primaryType="cq:Widget"
                        allowBlank="{Boolean}true"
                        defaultValue="yes"
                        fieldLabel="Want Audience Filter"
                        name="./audiencefilter"
                        type="select"
                        width="20"
                        xtype="selection">
                        <options jcr:primaryType="cq:WidgetCollection">
                            <no
                                jcr:primaryType="nt:unstructured"
                                text="No"
                                value="no"/>
                            <yes
                                jcr:primaryType="nt:unstructured"
                                text="Yes"
                                value="yes"/>
                        </options>
                    </audiencefilter>
                    <retaillocator
                        jcr:primaryType="cq:Widget"
                        allowBlank="{Boolean}true"
                        defaultValue="yes"
                        fieldLabel="Want Retail Locator Link"
                        name="./rlocatorlink"
                        type="select"
                        width="20"
                        xtype="selection">
                        <options jcr:primaryType="cq:WidgetCollection">
                            <no
                                jcr:primaryType="nt:unstructured"
                                text="No"
                                value="no"/>
                            <yes
                                jcr:primaryType="nt:unstructured"
                                text="Yes"
                                value="yes"/>
                        </options>
                        <listeners
                            jcr:primaryType="nt:unstructured"
                            loadcontent="function(box){ if (this.getValue()==&quot;no&quot;){ box.findParentByType('tabpanel').findByType('pathfield')[0].setValue(&quot;&quot;);box.findParentByType('tabpanel').findByType('pathfield')[0].disable();} else { box.findParentByType('tabpanel').findByType('pathfield')[0].enable();}return true;}"
                            selectionchanged="function(box){ if (this.getValue()==&quot;no&quot;){ box.findParentByType('tabpanel').findByType('pathfield')[0].setValue(&quot;&quot;);box.findParentByType('tabpanel').findByType('pathfield')[0].disable();} else { box.findParentByType('tabpanel').findByType('pathfield')[0].enable();}return true;}"/>
                    </retaillocator>
                    <retaillocatorpagelink
                        jcr:primaryType="cq:Widget"
                        allowBlank="{Boolean}true"
                        editable="{Boolean}true"
                        fieldLabel="Retail Locator Page"
                        name="./retaillink"
                        predicate="hierarchy"
                        xtype="pathfield"/>
                </items>
            </general>
            <social
                jcr:primaryType="cq:Panel"
                id="social"
                title="Social Media Option">
                <items jcr:primaryType="cq:WidgetCollection">
                    <items jcr:primaryType="cq:WidgetCollection">
                        <items jcr:primaryType="cq:WidgetCollection">
                            <GenericLabel
                                jcr:primaryType="cq:Widget"
                                align="center"
                                autoWidth="{Boolean}true"
                                html="&lt;/br>&lt;p> &#xa;&#x9;&lt;h2 style=&quot;font-size:1.2em;margin-left:2em;&quot;> &#xa;&#x9;&#x9;&lt;b>Enabling Options for Gigya/Sharethis&lt;/b> &#xa;&#x9;&lt;/h2>&#xa;&lt;/p>&lt;/br>"
                                id="labelgeneral"
                                name="./labelgeneral"
                                xtype="label"/>
                            <showshare
                                jcr:primaryType="nt:unstructured"
                                fieldLabel="Show Share"
                                id="share"
                                name="./showshare"
                                type="select"
                                xtype="selection">
                                <options jcr:primaryType="cq:WidgetCollection">
                                    <yes
                                        jcr:primaryType="nt:unstructured"
                                        text="yes"
                                        value="yes"/>
                                    <no
                                        jcr:primaryType="nt:unstructured"
                                        text="no"
                                        value="no"/>
                                </options>
                                <listeners
                                    jcr:primaryType="nt:unstructured"
                                    loadcontent="function(box){ &#xa;if(this.getValue()==&quot;yes&quot;){&#xa;if(box.findParentByType('tabpanel').getComponent(&quot;social&quot;).getComponent(&quot;gigya&quot;).getValue()==&quot;yes&quot;){&#xa;this.setValue(&quot;no&quot;);&#xa;alert(&quot;You cannot select both share options !!!&quot;);&#xa;}&#xa;else&#xa;{&#xa;&#x9;this.setValue(&quot;yes&quot;);&#xa;}&#xa;return true;&#xa;}&#xa;}"
                                    selectionchanged="function(box){ &#xa;if(this.getValue()==&quot;yes&quot;){&#xa;if(box.findParentByType('tabpanel').getComponent(&quot;social&quot;).getComponent(&quot;gigya&quot;).getValue()==&quot;yes&quot;){&#xa;this.setValue(&quot;no&quot;);&#xa;alert(&quot;You cannot select both share options !!!&quot;);&#xa;}&#xa;else&#xa;{&#xa;&#x9;this.setValue(&quot;yes&quot;);&#xa;}&#xa;return true;&#xa;}&#xa;}"/>
                            </showshare>
                            <showgigya
                                jcr:primaryType="nt:unstructured"
                                defaultValue="yes"
                                fieldLabel="Show Gigya"
                                id="gigya"
                                name="./showgigya"
                                type="select"
                                xtype="selection">
                                <options jcr:primaryType="cq:WidgetCollection">
                                    <yes
                                        jcr:primaryType="nt:unstructured"
                                        text="yes"
                                        value="yes"/>
                                    <no
                                        jcr:primaryType="nt:unstructured"
                                        text="no"
                                        value="no"/>
                                </options>
                                <listeners
                                    jcr:primaryType="nt:unstructured"
                                    loadcontent="function(box){ &#xa;if(this.getValue()==&quot;yes&quot;){&#xa;if(box.findParentByType('tabpanel').getComponent(&quot;social&quot;).getComponent(&quot;share&quot;).getValue()==&quot;yes&quot;){&#xa;this.setValue(&quot;no&quot;);&#xa;alert(&quot;You cannot select both share options !!!&quot;);&#xa;}&#xa;else&#xa;{&#xa;   this.setValue(&quot;yes&quot;);&#xa;}&#xa;return true;&#xa;}&#xa;}"
                                    selectionchanged="function(box){ &#xa;if(this.getValue()==&quot;yes&quot;){&#xa;if(box.findParentByType('tabpanel').getComponent(&quot;social&quot;).getComponent(&quot;share&quot;).getValue()==&quot;yes&quot;){&#xa;this.setValue(&quot;no&quot;);&#xa;alert(&quot;You cannot select both share options !!!&quot;);&#xa;}&#xa;else&#xa;{&#xa;   this.setValue(&quot;yes&quot;);&#xa;}&#xa;return true;&#xa;}&#xa;}"/>
                            </showgigya>
                        </items>
                        <followlabel
                            jcr:primaryType="cq:Widget"
                            align="center"
                            autoWidth="{Boolean}true"
                            html="&lt;/br>&lt;p> &#xa;&#x9;&lt;h2 style=&quot;font-size:1.2em;margin-left:2em;&quot;> &#xa;&#x9;&#x9;&lt;b>Follow Options for Gigya&lt;/b> &#xa;&#x9;&lt;/h2>&#xa;&lt;/p>&lt;/br>"
                            id="followlabel"
                            name="./followlabel"
                            xtype="label"/>
                        <showfacebookfollow
                            jcr:primaryType="nt:unstructured"
                            defaultValue="no"
                            fieldLabel="Show  Facebook Follow"
                            id="fbf"
                            name="./showfbfollow"
                            type="select"
                            xtype="selection">
                            <options jcr:primaryType="cq:WidgetCollection">
                                <yes
                                    jcr:primaryType="nt:unstructured"
                                    text="yes"
                                    value="yes"/>
                                <no
                                    jcr:primaryType="nt:unstructured"
                                    text="no"
                                    value="no"/>
                            </options>
                            <listeners
                                jcr:primaryType="nt:unstructured"
                                loadcontent="function(box){if (this.getValue()==&quot;yes&quot;){box.findParentByType('tabpanel').getComponent(&quot;social&quot;).getComponent(&quot;fburl&quot;).enable();} &#xa;else{box.findParentByType('tabpanel').getComponent(&quot;social&quot;).getComponent(&quot;fburl&quot;).disable();}&#xa;return true;}"
                                selectionchanged="function(box){if (this.getValue()==&quot;yes&quot;){box.findParentByType('tabpanel').getComponent(&quot;social&quot;).getComponent(&quot;fburl&quot;).enable();} &#xa;else{box.findParentByType('tabpanel').getComponent(&quot;social&quot;).getComponent(&quot;fburl&quot;).disable();}&#xa;return true;}"/>
                        </showfacebookfollow>
                        <fburl
                            jcr:primaryType="cq:Widget"
                            allowBlank="{Boolean}false"
                            autoWidth="{Boolean}true"
                            fieldLabel="Facebook URL"
                            id="fburl"
                            name="./fburl"
                            xtype="textfield"/>
                        <showtwitterfollow
                            jcr:primaryType="nt:unstructured"
                            defaultValue="no"
                            fieldLabel="Show  Twitter Follow"
                            id="twitterf"
                            name="./showtwitterfollow"
                            type="select"
                            xtype="selection">
                            <options jcr:primaryType="cq:WidgetCollection">
                                <yes
                                    jcr:primaryType="nt:unstructured"
                                    text="yes"
                                    value="yes"/>
                                <no
                                    jcr:primaryType="nt:unstructured"
                                    text="no"
                                    value="no"/>
                            </options>
                            <listeners
                                jcr:primaryType="nt:unstructured"
                                loadcontent="function(box){if (this.getValue()==&quot;yes&quot;){box.findParentByType('tabpanel').getComponent(&quot;social&quot;).getComponent(&quot;twitterurl&quot;).enable();} &#xa;else{box.findParentByType('tabpanel').getComponent(&quot;social&quot;).getComponent(&quot;twitterurl&quot;).disable();}&#xa;return true;}"
                                selectionchanged="function(box){if (this.getValue()==&quot;yes&quot;){box.findParentByType('tabpanel').getComponent(&quot;social&quot;).getComponent(&quot;twitterurl&quot;).enable();} &#xa;else{box.findParentByType('tabpanel').getComponent(&quot;social&quot;).getComponent(&quot;twitterurl&quot;).disable();}&#xa;return true;}"/>
                        </showtwitterfollow>
                        <twitterurl
                            jcr:primaryType="cq:Widget"
                            allowBlank="{Boolean}false"
                            autoWidth="{Boolean}true"
                            fieldLabel="Twitter Intel Users"
                            id="twitterurl"
                            name="./twitterurl"
                            xtype="textfield"/>
                        <showgplusfollow
                            jcr:primaryType="nt:unstructured"
                            defaultValue="no"
                            fieldLabel="Show  Google Plus Follow"
                            id="showgplusf"
                            name="./showgplusfollow"
                            type="select"
                            xtype="selection">
                            <options jcr:primaryType="cq:WidgetCollection">
                                <yes
                                    jcr:primaryType="nt:unstructured"
                                    text="yes"
                                    value="yes"/>
                                <no
                                    jcr:primaryType="nt:unstructured"
                                    text="no"
                                    value="no"/>
                            </options>
                            <listeners
                                jcr:primaryType="nt:unstructured"
                                loadcontent="function(box){if (this.getValue()==&quot;yes&quot;){box.findParentByType('tabpanel').getComponent(&quot;social&quot;).getComponent(&quot;googleplusurl&quot;).enable();} &#xa;else{box.findParentByType('tabpanel').getComponent(&quot;social&quot;).getComponent(&quot;googleplusurl&quot;).disable();}&#xa;return true;}"
                                selectionchanged="function(box){if (this.getValue()==&quot;yes&quot;){box.findParentByType('tabpanel').getComponent(&quot;social&quot;).getComponent(&quot;googleplusurl&quot;).enable();} &#xa;else{box.findParentByType('tabpanel').getComponent(&quot;social&quot;).getComponent(&quot;googleplusurl&quot;).disable();}&#xa;return true;}"/>
                        </showgplusfollow>
                        <googleplusurl
                            jcr:primaryType="cq:Widget"
                            allowBlank="{Boolean}false"
                            autoWidth="{Boolean}true"
                            fieldLabel="Google Plus URL"
                            id="googleplusurl"
                            name="./googleplusurl"
                            xtype="textfield"/>
                        <showlinkedinfollow
                            jcr:primaryType="nt:unstructured"
                            defaultValue="no"
                            fieldLabel="Show  LinkedIn Follow"
                            id="showinf"
                            name="./showlinkedinfollow"
                            type="select"
                            xtype="selection">
                            <options jcr:primaryType="cq:WidgetCollection">
                                <yes
                                    jcr:primaryType="nt:unstructured"
                                    text="yes"
                                    value="yes"/>
                                <no
                                    jcr:primaryType="nt:unstructured"
                                    text="no"
                                    value="no"/>
                            </options>
                            <listeners
                                jcr:primaryType="nt:unstructured"
                                loadcontent="function(box){if (this.getValue()==&quot;yes&quot;){box.findParentByType('tabpanel').getComponent(&quot;social&quot;).getComponent(&quot;linkedinurl&quot;).enable();} &#xa;else{box.findParentByType('tabpanel').getComponent(&quot;social&quot;).getComponent(&quot;linkedinurl&quot;).disable();}&#xa;return true;}"
                                selectionchanged="function(box){if (this.getValue()==&quot;yes&quot;){box.findParentByType('tabpanel').getComponent(&quot;social&quot;).getComponent(&quot;linkedinurl&quot;).enable();} &#xa;else{box.findParentByType('tabpanel').getComponent(&quot;social&quot;).getComponent(&quot;linkedinurl&quot;).disable();}&#xa;return true;}"/>
                        </showlinkedinfollow>
                        <linkedinurl
                            jcr:primaryType="cq:Widget"
                            allowBlank="{Boolean}false"
                            autoWidth="{Boolean}true"
                            fieldLabel="LinkedIn URL"
                            id="linkedinurl"
                            name="./linkedinurl"
                            xtype="textfield"/>
                        <showblogfollow
                            jcr:primaryType="nt:unstructured"
                            defaultValue="no"
                            fieldLabel="Show  Blog Follow"
                            id="showblogf"
                            name="./showblogfollow"
                            type="select"
                            xtype="selection">
                            <options jcr:primaryType="cq:WidgetCollection">
                                <yes
                                    jcr:primaryType="nt:unstructured"
                                    text="yes"
                                    value="yes"/>
                                <no
                                    jcr:primaryType="nt:unstructured"
                                    text="no"
                                    value="no"/>
                            </options>
                            <listeners
                                jcr:primaryType="nt:unstructured"
                                loadcontent="function(box){if (this.getValue()==&quot;yes&quot;){box.findParentByType('tabpanel').getComponent(&quot;social&quot;).getComponent(&quot;blogurltext&quot;).enable();} &#xa;else{box.findParentByType('tabpanel').getComponent(&quot;social&quot;).getComponent(&quot;blogurltext&quot;).disable();}&#xa;return true;}"
                                selectionchanged="function(box){if (this.getValue()==&quot;yes&quot;){box.findParentByType('tabpanel').getComponent(&quot;social&quot;).getComponent(&quot;blogurltext&quot;).enable();} &#xa;else{box.findParentByType('tabpanel').getComponent(&quot;social&quot;).getComponent(&quot;blogurltext&quot;).disable();}&#xa;return true;}"/>
                        </showblogfollow>
                        <blogurl
                            jcr:primaryType="cq:Widget"
                            allowBlank="{Boolean}false"
                            autoWidth="{Boolean}true"
                            fieldLabel="Blog URL"
                            id="blogurltext"
                            name="./blogurl"
                            xtype="textfield"/>
                        <showemailfollow
                            jcr:primaryType="nt:unstructured"
                            defaultValue="no"
                            fieldLabel="Show  Email Follow"
                            id="showemailf"
                            name="./showemailfollow"
                            type="select"
                            xtype="selection">
                            <options jcr:primaryType="cq:WidgetCollection">
                                <yes
                                    jcr:primaryType="nt:unstructured"
                                    text="yes"
                                    value="yes"/>
                                <no
                                    jcr:primaryType="nt:unstructured"
                                    text="no"
                                    value="no"/>
                            </options>
                        </showemailfollow>
                    </items>
                    <sharelabel
                        jcr:primaryType="cq:Widget"
                        align="center"
                        autoWidth="{Boolean}true"
                        html="&lt;/br>&lt;p> &#xa;&#x9;&lt;h2 style=&quot;font-size:1.2em;margin-left:2em;&quot;> &#xa;&#x9;&#x9;&lt;b>Non Gigya Share/Follow options&lt;/b> &#xa;&#x9;&lt;/h2>&#xa;&lt;/p>&lt;/br>"
                        id="sharelabel"
                        name="./sharelabel"
                        xtype="label"/>
                    <showfacebook
                        jcr:primaryType="nt:unstructured"
                        defaultValue="yes"
                        fieldLabel="Show Facebook"
                        id="facebook"
                        name="./showfacebook"
                        type="select"
                        xtype="selection">
                        <options jcr:primaryType="cq:WidgetCollection">
                            <yes
                                jcr:primaryType="nt:unstructured"
                                text="yes"
                                value="yes"/>
                            <no
                                jcr:primaryType="nt:unstructured"
                                text="no"
                                value="no"/>
                        </options>
                        <listeners
                            jcr:primaryType="nt:unstructured"
                            loadcontent="function(box){ if(this.getValue()==&quot;yes&quot;){&#xa;count=0;&#xa;for(i=8;i&lt;13;i++){&#xa;if(box.findParentByType('tabpanel').getComponent(&quot;social&quot;).findByType('selection')[i].getValue()==&quot;yes&quot;){&#xa;count++;&#xa;if(count&lt;=3)&#xa;box.findParentByType('tabpanel').getComponent(&quot;social&quot;).findByType('selection')[i].setValue(&quot;yes&quot;);&#xa;else{&#xa;this.setValue(&quot;no&quot;);&#xa;alert(&quot;You cannot select more than 3 social components !!!&quot;);&#xa;}&#xa;}&#xa;}&#xa;}&#xa;return true;&#xa;}"
                            selectionchanged="function(box){ if(this.getValue()==&quot;yes&quot;){&#xa;count=0;&#xa;for(i=8;i&lt;13;i++){&#xa;if(box.findParentByType('tabpanel').getComponent(&quot;social&quot;).findByType('selection')[i].getValue()==&quot;yes&quot;){&#xa;count++;&#xa;if(count&lt;=3)&#xa;box.findParentByType('tabpanel').getComponent(&quot;social&quot;).findByType('selection')[i].setValue(&quot;yes&quot;);&#xa;else{&#xa;this.setValue(&quot;no&quot;);&#xa;alert(&quot;You cannot select more than 3 social components !!!&quot;);&#xa;}&#xa;}&#xa;}&#xa;}&#xa;return true;&#xa;}"/>
                    </showfacebook>
                    <showtweeter
                        jcr:primaryType="nt:unstructured"
                        defaultValue="yes"
                        fieldLabel="Show Tweeter"
                        id="tweeter"
                        name="./showtweeter"
                        type="select"
                        xtype="selection">
                        <options jcr:primaryType="cq:WidgetCollection">
                            <yes
                                jcr:primaryType="nt:unstructured"
                                text="yes"
                                value="yes"/>
                            <no
                                jcr:primaryType="nt:unstructured"
                                text="no"
                                value="no"/>
                        </options>
                        <listeners
                            jcr:primaryType="nt:unstructured"
                            loadcontent="function(box){ if(this.getValue()==&quot;yes&quot;){&#xa;count=0;&#xa;for(i=8;i&lt;13;i++){&#xa;if(box.findParentByType('tabpanel').getComponent(&quot;social&quot;).findByType('selection')[i].getValue()==&quot;yes&quot;){&#xa;count++;&#xa;if(count&lt;=3)&#xa;box.findParentByType('tabpanel').getComponent(&quot;social&quot;).findByType('selection')[i].setValue(&quot;yes&quot;);&#xa;else{&#xa;this.setValue(&quot;no&quot;);&#xa;alert(&quot;You cannot select more than 3 social components !!!&quot;);&#xa;}&#xa;}&#xa;}&#xa;}&#xa;return true;&#xa;}"
                            selectionchanged="function(box){ if(this.getValue()==&quot;yes&quot;){&#xa;count=0;&#xa;for(i=8;i&lt;13;i++){&#xa;if(box.findParentByType('tabpanel').getComponent(&quot;social&quot;).findByType('selection')[i].getValue()==&quot;yes&quot;){&#xa;count++;&#xa;if(count&lt;=3)&#xa;box.findParentByType('tabpanel').getComponent(&quot;social&quot;).findByType('selection')[i].setValue(&quot;yes&quot;);&#xa;else{&#xa;this.setValue(&quot;no&quot;);&#xa;alert(&quot;You cannot select more than 3 social components !!!&quot;);&#xa;}&#xa;}&#xa;}&#xa;}&#xa;return true;&#xa;}"/>
                    </showtweeter>
                    <showsenaweibo
                        jcr:primaryType="nt:unstructured"
                        defaultValue="no"
                        fieldLabel="Show Sena Weibo"
                        id="stsena"
                        name="./showstsena"
                        type="select"
                        xtype="selection">
                        <options jcr:primaryType="cq:WidgetCollection">
                            <yes
                                jcr:primaryType="nt:unstructured"
                                text="yes"
                                value="yes"/>
                            <no
                                jcr:primaryType="nt:unstructured"
                                text="no"
                                value="no"/>
                        </options>
                        <listeners
                            jcr:primaryType="nt:unstructured"
                            loadcontent="function(box){ if(this.getValue()==&quot;yes&quot;){&#xa;count=0;&#xa;for(i=8;i&lt;13;i++){&#xa;if(box.findParentByType('tabpanel').getComponent(&quot;social&quot;).findByType('selection')[i].getValue()==&quot;yes&quot;){&#xa;count++;&#xa;if(count&lt;=3)&#xa;box.findParentByType('tabpanel').getComponent(&quot;social&quot;).findByType('selection')[i].setValue(&quot;yes&quot;);&#xa;else{&#xa;this.setValue(&quot;no&quot;);&#xa;alert(&quot;You cannot select more than 3 social components !!!&quot;);&#xa;}&#xa;}&#xa;}&#xa;}&#xa;return true;&#xa;}"
                            selectionchanged="function(box){ if(this.getValue()==&quot;yes&quot;){&#xa;count=0;&#xa;for(i=8;i&lt;13;i++){&#xa;if(box.findParentByType('tabpanel').getComponent(&quot;social&quot;).findByType('selection')[i].getValue()==&quot;yes&quot;){&#xa;count++;&#xa;if(count&lt;=3)&#xa;box.findParentByType('tabpanel').getComponent(&quot;social&quot;).findByType('selection')[i].setValue(&quot;yes&quot;);&#xa;else{&#xa;this.setValue(&quot;no&quot;);&#xa;alert(&quot;You cannot select more than 3 social components !!!&quot;);&#xa;}&#xa;}&#xa;}&#xa;}&#xa;return true;&#xa;}"/>
                    </showsenaweibo>
                    <showme2day
                        jcr:primaryType="nt:unstructured"
                        defaultValue="no"
                        fieldLabel="Show me2 day"
                        id="me2day"
                        name="./showme2day"
                        type="select"
                        xtype="selection">
                        <options jcr:primaryType="cq:WidgetCollection">
                            <yes
                                jcr:primaryType="nt:unstructured"
                                text="yes"
                                value="yes"/>
                            <no
                                jcr:primaryType="nt:unstructured"
                                text="no"
                                value="no"/>
                        </options>
                        <listeners
                            jcr:primaryType="nt:unstructured"
                            loadcontent="function(box){ if(this.getValue()==&quot;yes&quot;){&#xa;count=0;&#xa;for(i=8;i&lt;13;i++){&#xa;if(box.findParentByType('tabpanel').getComponent(&quot;social&quot;).findByType('selection')[i].getValue()==&quot;yes&quot;){&#xa;count++;&#xa;if(count&lt;=3)&#xa;box.findParentByType('tabpanel').getComponent(&quot;social&quot;).findByType('selection')[i].setValue(&quot;yes&quot;);&#xa;else{&#xa;this.setValue(&quot;no&quot;);&#xa;alert(&quot;You cannot select more than 3 social components !!!&quot;);&#xa;}&#xa;}&#xa;}&#xa;}&#xa;return true;&#xa;}"
                            selectionchanged="function(box){ if(this.getValue()==&quot;yes&quot;){&#xa;count=0;&#xa;for(i=8;i&lt;13;i++){&#xa;if(box.findParentByType('tabpanel').getComponent(&quot;social&quot;).findByType('selection')[i].getValue()==&quot;yes&quot;){&#xa;count++;&#xa;if(count&lt;=3)&#xa;box.findParentByType('tabpanel').getComponent(&quot;social&quot;).findByType('selection')[i].setValue(&quot;yes&quot;);&#xa;else{&#xa;this.setValue(&quot;no&quot;);&#xa;alert(&quot;You cannot select more than 3 social components !!!&quot;);&#xa;}&#xa;}&#xa;}&#xa;}&#xa;return true;&#xa;}"/>
                    </showme2day>
                    <showweibofollow
                        jcr:primaryType="nt:unstructured"
                        defaultValue="no"
                        fieldLabel="Show  Weibo Follow"
                        id="weibof"
                        name="./showstweibo"
                        type="select"
                        xtype="selection">
                        <options jcr:primaryType="cq:WidgetCollection">
                            <yes
                                jcr:primaryType="nt:unstructured"
                                text="yes"
                                value="yes"/>
                            <no
                                jcr:primaryType="nt:unstructured"
                                text="no"
                                value="no"/>
                        </options>
                        <listeners
                            jcr:primaryType="nt:unstructured"
                            loadcontent="function(box){ if(this.getValue()==&quot;yes&quot;){&#xa;count=0;&#xa;for(i=8;i&lt;13;i++){&#xa;if(box.findParentByType('tabpanel').getComponent(&quot;social&quot;).findByType('selection')[i].getValue()==&quot;yes&quot;){&#xa;count++;&#xa;if(count&lt;=3)&#xa;box.findParentByType('tabpanel').getComponent(&quot;social&quot;).findByType('selection')[i].setValue(&quot;yes&quot;);&#xa;else{&#xa;this.setValue(&quot;no&quot;);&#xa;alert(&quot;You cannot select more than 3 social components !!!&quot;);&#xa;}&#xa;}&#xa;}&#xa;}&#xa;return true;&#xa;}"
                            selectionchanged="function(box){ if(this.getValue()==&quot;yes&quot;){&#xa;count=0;&#xa;for(i=8;i&lt;13;i++){&#xa;if(box.findParentByType('tabpanel').getComponent(&quot;social&quot;).findByType('selection')[i].getValue()==&quot;yes&quot;){&#xa;count++;&#xa;if(count&lt;=3)&#xa;box.findParentByType('tabpanel').getComponent(&quot;social&quot;).findByType('selection')[i].setValue(&quot;yes&quot;);&#xa;else{&#xa;this.setValue(&quot;no&quot;);&#xa;alert(&quot;You cannot select more than 3 social components !!!&quot;);&#xa;}&#xa;}&#xa;}&#xa;}&#xa;return true;&#xa;}"/>
                    </showweibofollow>
                </items>
            </social>
            <videooption
                jcr:primaryType="cq:Panel"
                id="video"
                title="Video option">
                <items jcr:primaryType="cq:WidgetCollection">
                    <video
                        jcr:primaryType="nt:unstructured"
                        defaultValue="youtube"
                        fieldLabel="Video option"
                        id="videoitem"
                        name="./videooption"
                        type="select"
                        xtype="selection">
                        <options jcr:primaryType="cq:WidgetCollection">
                            <youtube
                                jcr:primaryType="nt:unstructured"
                                text="You Tube"
                                value="youtube"/>
                            <youqu
                                jcr:primaryType="nt:unstructured"
                                text="You Ku"
                                value="youqu"/>
                        </options>
                        <listeners
                            jcr:primaryType="nt:unstructured"
                            loadcontent="function(box){ if(this.getValue()==&quot;yes&quot;){&#xa;count=0;&#xa;for(i=0;i&lt;5;i++){&#xa;if(box.findParentByType('tabpanel').getComponent(&quot;social&quot;).findByType('selection')[i].getValue()==&quot;yes&quot;){&#xa;count++;&#xa;if(count&lt;=3)&#xa;box.findParentByType('tabpanel').getComponent(&quot;social&quot;).findByType('selection')[i].setValue(&quot;yes&quot;);&#xa;else{&#xa;this.setValue(&quot;no&quot;);&#xa;alert(&quot;You cannot select more than 3 social components !!!&quot;);&#xa;}&#xa;}&#xa;}&#xa;}&#xa;return true;&#xa;}"
                            selectionchanged="function(box){ if(this.getValue()==&quot;yes&quot;){&#xa;count=0;&#xa;for(i=0;i&lt;5;i++){&#xa;if(box.findParentByType('tabpanel').getComponent(&quot;social&quot;).findByType('selection')[i].getValue()==&quot;yes&quot;){&#xa;count++;&#xa;if(count&lt;=3)&#xa;box.findParentByType('tabpanel').getComponent(&quot;social&quot;).findByType('selection')[i].setValue(&quot;yes&quot;);&#xa;else{&#xa;this.setValue(&quot;no&quot;);&#xa;alert(&quot;You cannot select more than 3 social components !!!&quot;);&#xa;}&#xa;}&#xa;}&#xa;}&#xa;return true;&#xa;}"/>
                    </video>
                </items>
            </videooption>
            <productdetailfeature
                jcr:primaryType="cq:Panel"
                title="Productdetail Shop Labels Display Option">
                <items jcr:primaryType="cq:WidgetCollection">
                    <feature_os
                        jcr:primaryType="nt:unstructured"
                        defaultValue="yes"
                        fieldLabel="Show Opreating System Label"
                        name="./feature_os"
                        type="select"
                        xtype="selection">
                        <options jcr:primaryType="cq:WidgetCollection">
                            <yes
                                jcr:primaryType="nt:unstructured"
                                text="yes"
                                value="yes"/>
                            <no
                                jcr:primaryType="nt:unstructured"
                                text="no"
                                value="no"/>
                        </options>
                    </feature_os>
                    <feature_processor
                        jcr:primaryType="nt:unstructured"
                        defaultValue="yes"
                        fieldLabel="Show Processor Label"
                        name="./feature_processor"
                        type="select"
                        xtype="selection">
                        <options jcr:primaryType="cq:WidgetCollection">
                            <yes
                                jcr:primaryType="nt:unstructured"
                                text="yes"
                                value="yes"/>
                            <no
                                jcr:primaryType="nt:unstructured"
                                text="no"
                                value="no"/>
                        </options>
                    </feature_processor>
                    <feature_ram
                        jcr:primaryType="nt:unstructured"
                        defaultValue="yes"
                        fieldLabel="Show RAM Label"
                        name="./feature_ram"
                        type="select"
                        xtype="selection">
                        <options jcr:primaryType="cq:WidgetCollection">
                            <yes
                                jcr:primaryType="nt:unstructured"
                                text="yes"
                                value="yes"/>
                            <no
                                jcr:primaryType="nt:unstructured"
                                text="no"
                                value="no"/>
                        </options>
                    </feature_ram>
                    <feature_screen
                        jcr:primaryType="nt:unstructured"
                        defaultValue="yes"
                        fieldLabel="Show Screen Label"
                        name="./feature_screen"
                        type="select"
                        xtype="selection">
                        <options jcr:primaryType="cq:WidgetCollection">
                            <yes
                                jcr:primaryType="nt:unstructured"
                                text="yes"
                                value="yes"/>
                            <no
                                jcr:primaryType="nt:unstructured"
                                text="no"
                                value="no"/>
                        </options>
                    </feature_screen>
                    <feature_speed
                        jcr:primaryType="nt:unstructured"
                        defaultValue="yes"
                        fieldLabel="Show Speed Label"
                        name="./feature_speed"
                        type="select"
                        xtype="selection">
                        <options jcr:primaryType="cq:WidgetCollection">
                            <yes
                                jcr:primaryType="nt:unstructured"
                                text="yes"
                                value="yes"/>
                            <no
                                jcr:primaryType="nt:unstructured"
                                text="no"
                                value="no"/>
                        </options>
                    </feature_speed>
                    <feature_weight
                        jcr:primaryType="nt:unstructured"
                        defaultValue="yes"
                        fieldLabel="Show Weight Label"
                        name="./feature_weight"
                        type="select"
                        xtype="selection">
                        <options jcr:primaryType="cq:WidgetCollection">
                            <yes
                                jcr:primaryType="nt:unstructured"
                                text="yes"
                                value="yes"/>
                            <no
                                jcr:primaryType="nt:unstructured"
                                text="no"
                                value="no"/>
                        </options>
                    </feature_weight>
                    <feature_harddrive
                        jcr:primaryType="nt:unstructured"
                        defaultValue="yes"
                        fieldLabel="Show Harddrive Label"
                        name="./feature_harddrive"
                        type="select"
                        xtype="selection">
                        <options jcr:primaryType="cq:WidgetCollection">
                            <yes
                                jcr:primaryType="nt:unstructured"
                                text="yes"
                                value="yes"/>
                            <no
                                jcr:primaryType="nt:unstructured"
                                text="no"
                                value="no"/>
                        </options>
                    </feature_harddrive>
                </items>
            </productdetailfeature>
            <productdetailcmsfeature
                jcr:primaryType="cq:Panel"
                title="Productdetail CMS Labels Display Option">
                <items jcr:primaryType="cq:WidgetCollection">
                    <featurecms_carrier
                        jcr:primaryType="nt:unstructured"
                        defaultValue="yes"
                        fieldLabel="Show Carrier Label"
                        name="./featurecms_carrier"
                        type="select"
                        xtype="selection">
                        <options jcr:primaryType="cq:WidgetCollection">
                            <yes
                                jcr:primaryType="nt:unstructured"
                                text="yes"
                                value="yes"/>
                            <no
                                jcr:primaryType="nt:unstructured"
                                text="no"
                                value="no"/>
                        </options>
                    </featurecms_carrier>
                    <featurecms_convertability
                        jcr:primaryType="nt:unstructured"
                        defaultValue="yes"
                        fieldLabel="Show Convertability Label"
                        name="./featurecms_convertability"
                        type="select"
                        xtype="selection">
                        <options jcr:primaryType="cq:WidgetCollection">
                            <yes
                                jcr:primaryType="nt:unstructured"
                                text="yes"
                                value="yes"/>
                            <no
                                jcr:primaryType="nt:unstructured"
                                text="no"
                                value="no"/>
                        </options>
                    </featurecms_convertability>
                    <featurecms_country
                        jcr:primaryType="nt:unstructured"
                        defaultValue="yes"
                        fieldLabel="Show Country Label"
                        name="./featurecms_country"
                        type="select"
                        xtype="selection">
                        <options jcr:primaryType="cq:WidgetCollection">
                            <yes
                                jcr:primaryType="nt:unstructured"
                                text="yes"
                                value="yes"/>
                            <no
                                jcr:primaryType="nt:unstructured"
                                text="no"
                                value="no"/>
                        </options>
                    </featurecms_country>
                    <featurecms_processorfamily
                        jcr:primaryType="nt:unstructured"
                        defaultValue="yes"
                        fieldLabel="Show Processorfamily Label"
                        name="./featurecms_processorfamily"
                        type="select"
                        xtype="selection">
                        <options jcr:primaryType="cq:WidgetCollection">
                            <yes
                                jcr:primaryType="nt:unstructured"
                                text="yes"
                                value="yes"/>
                            <no
                                jcr:primaryType="nt:unstructured"
                                text="no"
                                value="no"/>
                        </options>
                    </featurecms_processorfamily>
                    <featurecms_3g
                        jcr:primaryType="nt:unstructured"
                        defaultValue="yes"
                        fieldLabel="Show 3G Label"
                        name="./featurecms_3g"
                        type="select"
                        xtype="selection">
                        <options jcr:primaryType="cq:WidgetCollection">
                            <yes
                                jcr:primaryType="nt:unstructured"
                                text="yes"
                                value="yes"/>
                            <no
                                jcr:primaryType="nt:unstructured"
                                text="no"
                                value="no"/>
                        </options>
                    </featurecms_3g>
                    <featurecms_ram
                        jcr:primaryType="nt:unstructured"
                        defaultValue="yes"
                        fieldLabel="Show RAM  Label"
                        name="./featurecms_ram"
                        type="select"
                        xtype="selection">
                        <options jcr:primaryType="cq:WidgetCollection">
                            <yes
                                jcr:primaryType="nt:unstructured"
                                text="yes"
                                value="yes"/>
                            <no
                                jcr:primaryType="nt:unstructured"
                                text="no"
                                value="no"/>
                        </options>
                    </featurecms_ram>
                    <featurecms_screensize
                        jcr:primaryType="nt:unstructured"
                        defaultValue="yes"
                        fieldLabel="Show Screensize Label"
                        name="./featurecms_screensize"
                        type="select"
                        xtype="selection">
                        <options jcr:primaryType="cq:WidgetCollection">
                            <yes
                                jcr:primaryType="nt:unstructured"
                                text="yes"
                                value="yes"/>
                            <no
                                jcr:primaryType="nt:unstructured"
                                text="no"
                                value="no"/>
                        </options>
                    </featurecms_screensize>
                    <featurecms_thickness
                        jcr:primaryType="nt:unstructured"
                        defaultValue="yes"
                        fieldLabel="Show Thickness Label"
                        name="./featurecms_thickness"
                        type="select"
                        xtype="selection">
                        <options jcr:primaryType="cq:WidgetCollection">
                            <yes
                                jcr:primaryType="nt:unstructured"
                                text="yes"
                                value="yes"/>
                            <no
                                jcr:primaryType="nt:unstructured"
                                text="no"
                                value="no"/>
                        </options>
                    </featurecms_thickness>
                    <featurecms_weight
                        jcr:primaryType="nt:unstructured"
                        defaultValue="yes"
                        fieldLabel="Show Weight Label"
                        name="./featurecms_weight"
                        type="select"
                        xtype="selection">
                        <options jcr:primaryType="cq:WidgetCollection">
                            <yes
                                jcr:primaryType="nt:unstructured"
                                text="yes"
                                value="yes"/>
                            <no
                                jcr:primaryType="nt:unstructured"
                                text="no"
                                value="no"/>
                        </options>
                    </featurecms_weight>
                    <featurecms_wifi
                        jcr:primaryType="nt:unstructured"
                        defaultValue="yes"
                        fieldLabel="Show Wifi Label"
                        name="./featurecms_wifi"
                        type="select"
                        xtype="selection">
                        <options jcr:primaryType="cq:WidgetCollection">
                            <yes
                                jcr:primaryType="nt:unstructured"
                                text="yes"
                                value="yes"/>
                            <no
                                jcr:primaryType="nt:unstructured"
                                text="no"
                                value="no"/>
                        </options>
                    </featurecms_wifi>
                </items>
            </productdetailcmsfeature>
            <info
                jcr:primaryType="cq:Panel"
                title="Info Tab">
                <items jcr:primaryType="cq:WidgetCollection">
                    <information
                        jcr:primaryType="cq:Widget"
                        name="./label"
                        text="The current mobile platform supports Facebook, Twitter, and ShareThis for Social Media link sharing by end users. The platform is built to grow over time and allows regions to define the Social media widgets which will appear on each site. Below is a section covering each of the current social media options supported. Finally the authoring options section explains how to alter which items appear and on which pages.&#xa;&#x9;ShareThis&#xa;The ShareThis widget is a 3rd party widget which offers an extensive list of social networks for link sharing. It is include in the platform as a means to rapidly offer link options to new and regional specific social networks. An end user may select Share and then select their social network of choice. The widget will post a link to the corresponding mobile page.&#xa;&#x9;Facebook &#xa;The Facebook widget allows an end user to post a link to the corresponding page to their Facebook wall. After authentication, the widget will allow the user to include a personal message along with the corresponding pages link. The link will be enhanced with the pages hero as a thumbnail and the page’s meta-data description defined in the Page Proprieties author dialog.  &#xa;&#x9;Twitter&#xa;The Twitter widget allows an end user to tweet a link to the corresponding page via twitter. The widget will prepopulate a tweet for the user and allow him/her to edit it before posting the tweet. The default copy will be the page page’s meta-data description defined in the Page Proprieties author dialog, a shortened url, and the tag “via @Intel”&#xa;"
                        xtype="label"/>
                </items>
            </info>
        </items>
    </items>
</jcr:root>
