<?xml version="1.0" encoding="UTF-8"?>
<jcr:root xmlns:cq="http://www.day.com/jcr/cq/1.0" xmlns:jcr="http://www.jcp.org/jcr/1.0"
    jcr:primaryType="cq:Dialog"
    title="List Of Pages Utility"
    width="100%"
    xtype="dialog">
    <items
        jcr:primaryType="cq:Widget"
        xtype="tabpanel">
        <items jcr:primaryType="cq:WidgetCollection">
            <categorytab
                jcr:primaryType="cq:Panel"
                title="Path to Node">
                <items jcr:primaryType="cq:WidgetCollection">
                    <rootnode
                        jcr:primaryType="cq:Widget"
                        fieldLabel="Enter the Root Node Path"
                        name="./rootnode"
                        xtype="pathfield"/>
                </items>
            </categorytab>
            <info
                jcr:primaryType="cq:Panel"
                title="Info Tab">
                <items jcr:primaryType="cq:WidgetCollection">
                    <information
                        jcr:primaryType="cq:Widget"
                        html=""
                        name="./label"
                        xtype="label"/>
                </items>
            </info>
        </items>
    </items>
</jcr:root>
