<?xml version="1.0" encoding="UTF-8"?>
<jcr:root xmlns:cq="http://www.day.com/jcr/cq/1.0" xmlns:jcr="http://www.jcp.org/jcr/1.0"
    jcr:primaryType="cq:Dialog"
    title="Featurephone Footer Component"
    width="100%"
    xtype="dialog">
    <items jcr:primaryType="cq:TabPanel">
        <items jcr:primaryType="cq:WidgetCollection">
            <tab1
                jcr:primaryType="cq:Panel"
                title="Footer Navigation Links">
                <items jcr:primaryType="cq:WidgetCollection">
                    <link1copy
                        jcr:primaryType="cq:Widget"
                        allowBlank="{Boolean}false"
                        fieldLabel="Link 1 Copy"
                        name="./link1copy"
                        xtype="textfield"/>
                    <link1url
                        jcr:primaryType="cq:Widget"
                        allowBlank="{Boolean}false"
                        editable="{Boolean}false"
                        fieldLabel="Link 1 URL"
                        name="./link1url"
                        predicate="hierarchy"
                        xtype="pathfield"/>
                    <link2copy
                        jcr:primaryType="cq:Widget"
                        fieldLabel="Link 2 Copy"
                        name="./link2copy"
                        xtype="textfield"/>
                    <link2url
                        jcr:primaryType="cq:Widget"
                        editable="{Boolean}true"
                        fieldLabel="Link 2 URL"
                        name="./link2url"
                        predicate="hierarchy"
                        xtype="pathfield"/>
                    <link3copy
                        jcr:primaryType="cq:Widget"
                        fieldLabel="Link 3 Copy"
                        name="./link3copy"
                        xtype="textfield"/>
                    <link3url
                        jcr:primaryType="cq:Widget"
                        editable="{Boolean}true"
                        fieldLabel="Link 3 URL"
                        name="./link3url"
                        predicate="hierarchy"
                        xtype="pathfield"/>
                </items>
            </tab1>
            <info
                jcr:primaryType="cq:Panel"
                title="Info Tab">
                <items jcr:primaryType="cq:WidgetCollection">
                    <information
                        jcr:primaryType="cq:Widget"
                        html="&lt;p>&lt;b>&lt;/b>&lt;/p>&#xa;&lt;p>&lt;h1 style=&quot;font-size:1.35em;&quot;>&lt;b>Feature Phone Footer Component&lt;/b>&lt;/h1>&lt;/p>&#xa;&lt;p>&lt;/p>&#xa;&lt;p>&lt;h1 style=&quot;font-size:1.2em;&quot;>Each Feature Phone page must include the global footer.The global feature phone footer provides relevant quick links as well as a feature phone homepage link&lt;/h1>&lt;/p>&#xa;&lt;p style=&quot;margin-top:1em;&quot;>&lt;b style=&quot;font-size:1.35em;&quot;>Authoring Options &lt;/b>&lt;/p>&#xa;&lt;p style=&quot;margin-top:1em;&quot; >&lt;h1 style=&quot;font-size:1.2em;&quot;>To author the Global Footer, switch to author mode and select Edit for each. &lt;/h1>&lt;/p>&#xa;&lt;p style=&quot;margin-top:1em;&quot;>&lt;b style=&quot;font-size:1.35em;&quot;>Global Feature Phone Footer &lt;/b>&lt;/p>&#xa;&lt;p style=&quot;margin-top:1em;&quot;>&lt;table border=&quot;1&quot; cellspacing=&quot;10&quot; cellpadding=&quot;10&quot;>&#xa;&lt;tbody>&lt;tr>&lt;td width=&quot;151&quot; valign=&quot;top&quot; style=&quot;border:1px solid #ccc;padding:5px;&quot;>&lt;p>&lt;b>Link Copy&lt;/b>&lt;/p>&#xa;&lt;/td>&#xa;&lt;td width=&quot;487&quot; valign=&quot;top&quot; style=&quot;border:1px solid #ccc;padding:5px;font-size:1.2em;&quot;>&lt;p>Display Copy  &#xa;&lt;/p>&#xa;&lt;/td>&#xa;&lt;tr>&lt;/tr>&#xa;&lt;td width=&quot;151&quot; valign=&quot;top&quot; style=&quot;border:1px solid #ccc;padding:5px;&quot;>&lt;p>&lt;b>Link URL&lt;/b>&lt;/p>&#xa;&lt;/td>&#xa;&lt;td width=&quot;487&quot; valign=&quot;top&quot; style=&quot;border:1px solid #ccc;padding:5px;font-size:1.2em;&quot;>&lt;p>Path of footer hyperlink&#xa;&lt;/p>&#xa;&lt;/td>&#xa;&lt;/tr>&lt;/tbody>&lt;/table>&lt;/p>&#xa;&#xa;&#xa;&#xa;&#xa;&#xa;&#xa;&#xa;&#xa;&#xa;&#xa;&#xa;&#xa;&#xa;&#xa;&#xa;&#xa;&#xa;&#xa;&#xa;&#xa;&#xa;&#xa;&#xa;&#xa;&#xa;&#xa;&#xa;"
                        name="./label"
                        xtype="label"/>
                </items>
            </info>
        </items>
    </items>
</jcr:root>
