<?xml version="1.0" encoding="UTF-8"?>
<jcr:root xmlns:cq="http://www.day.com/jcr/cq/1.0" xmlns:jcr="http://www.jcp.org/jcr/1.0" xmlns:nt="http://www.jcp.org/jcr/nt/1.0"
    jcr:primaryType="cq:Dialog"
    id="events"
    title="Event Hero Component"
    width="100%"
    xtype="dialog">
    <items jcr:primaryType="cq:TabPanel">
        <items jcr:primaryType="cq:WidgetCollection">
            <eventdetaills
                jcr:primaryType="cq:Panel"
                title="Event Details">
                <items jcr:primaryType="cq:WidgetCollection">
                    <eventtitle
                        jcr:primaryType="nt:unstructured"
                        allowBlank="{Boolean}false"
                        fieldDescription="Title of the Event."
                        fieldLabel="Event Title"
                        name="./etitle"
                        validateOnBlur="true"
                        xtype="textfield"/>
                    <headingcopy
                        jcr:primaryType="nt:unstructured"
                        allowBlank="{Boolean}true"
                        fieldLabel="Heading Copy"
                        name="./hcopy"
                        validateOnBlur="true"
                        xtype="textfield"/>
                    <description
                        jcr:primaryType="nt:unstructured"
                        allowBlank="{Boolean}false"
                        fieldDescription="Article Description."
                        fieldLabel="Description"
                        name="./description"
                        validateOnBlur="true"
                        xtype="richtext">
                        <rtePlugins jcr:primaryType="nt:unstructured">
                            <styles
                                jcr:primaryType="nt:unstructured"
                                features="*"/>
                            <paraformat
                                jcr:primaryType="nt:unstructured"
                                features="*"/>
                            <subsuperscript
                                jcr:primaryType="nt:unstructured"
                                features="*"/>
                            <misctools
                                jcr:primaryType="nt:unstructured"
                                features="*"/>
                            <lists
                                jcr:primaryType="nt:unstructured"
                                features="*"/>
                            <image
                                jcr:primaryType="nt:unstructured"
                                features="*"/>
                        </rtePlugins>
                    </description>
                    <displaysocial
                        jcr:primaryType="cq:Widget"
                        allowBlank="{Boolean}true"
                        defaultValue="yes"
                        fieldLabel="Display Social"
                        name="./displaysocial"
                        type="select"
                        value="no"
                        width="20"
                        xtype="selection">
                        <options jcr:primaryType="cq:WidgetCollection">
                            <no
                                jcr:primaryType="nt:unstructured"
                                text="No"
                                value="no"/>
                            <yes
                                jcr:primaryType="nt:unstructured"
                                text="Yes"
                                value="yes"/>
                        </options>
                    </displaysocial>
                </items>
            </eventdetaills>
            <eventinfo
                jcr:primaryType="cq:Panel"
                title="Event Info">
                <items jcr:primaryType="cq:WidgetCollection">
                    <detaillabel
                        jcr:primaryType="nt:unstructured"
                        allowBlank="{Boolean}false"
                        fieldDescription="Label for Details"
                        fieldLabel="Details Label"
                        name="./detaillabel"
                        validateOnBlur="true"
                        xtype="textfield"/>
                    <datelabel
                        jcr:primaryType="nt:unstructured"
                        allowBlank="{Boolean}false"
                        fieldDescription="Label for Date"
                        fieldLabel="Date Label"
                        name="./datelabel"
                        validateOnBlur="true"
                        xtype="textfield"/>
                    <startdate
                        jcr:primaryType="nt:unstructured"
                        allowBlank="{Boolean}false"
                        fieldLabel="Event Start Date"
                        hideTime="{Boolean}true"
                        id="eventstartdate"
                        name="./sdate"
                        validateOnBlur="true"
                        xtype="datetime"/>
                    <enddate
                        jcr:primaryType="nt:unstructured"
                        allowBlank="{Boolean}false"
                        fieldLabel="Event End Date"
                        hideTime="{Boolean}true"
                        id="eventenddate"
                        name="./edate"
                        validateOnBlur="true"
                        xtype="datetime"/>
                    <timelabel
                        jcr:primaryType="nt:unstructured"
                        allowBlank="{Boolean}true"
                        fieldDescription="Label for Time"
                        fieldLabel="Time Label"
                        name="./timelabel"
                        validateOnBlur="true"
                        xtype="textfield"/>
                    <starttime
                        jcr:primaryType="nt:unstructured"
                        allowBlank="{Boolean}true"
                        fieldLabel="Event Start Time"
                        id="eventstarttime"
                        name="./stime"
                        validateOnBlur="true"
                        xtype="timefield"/>
                    <endtime
                        jcr:primaryType="nt:unstructured"
                        allowBlank="{Boolean}true"
                        fieldLabel="Event End Time"
                        id="eventendtime"
                        name="./etime"
                        validateOnBlur="true"
                        xtype="timefield"/>
                    <timezone
                        jcr:primaryType="cq:Widget"
                        allowBlank="{Boolean}true"
                        cls="drpwidth"
                        defaultValue="Select"
                        fieldLabel="Select Timezone"
                        name="./timezone"
                        type="select"
                        xtype="selection">
                        <options jcr:primaryType="cq:WidgetCollection">
                            <cst
                                jcr:primaryType="nt:unstructured"
                                text="CST"
                                value="CST"/>
                            <est
                                jcr:primaryType="nt:unstructured"
                                text="EST"
                                value="EST"/>
                            <usmountain
                                jcr:primaryType="nt:unstructured"
                                text="US/Mountain"
                                value="US/Mountain"/>
                            <usalaska
                                jcr:primaryType="nt:unstructured"
                                text="US/Alaska"
                                value="US/Alaska"/>
                            <uspacific
                                jcr:primaryType="nt:unstructured"
                                text="US/Pacific"
                                value="US/Pacific"/>
                            <ussamoa
                                jcr:primaryType="nt:unstructured"
                                text="US/Samoa"
                                value="US/Samoa"/>
                            <ushawaii
                                jcr:primaryType="nt:unstructured"
                                text="US/Hawaii"
                                value="US/Hawaii"/>
                        </options>
                    </timezone>
                    <locationlabel
                        jcr:primaryType="nt:unstructured"
                        allowBlank="{Boolean}false"
                        fieldDescription="Label for Location"
                        fieldLabel="Location Label"
                        name="./locationlabel"
                        validateOnBlur="true"
                        xtype="textfield"/>
                    <location
                        jcr:primaryType="nt:unstructured"
                        allowBlank="{Boolean}false"
                        fieldDescription="Venue of the Event."
                        fieldLabel="Location"
                        name="./location"
                        validateOnBlur="true"
                        xtype="textfield"/>
                    <savetolabel
                        jcr:primaryType="nt:unstructured"
                        allowBlank="{Boolean}true"
                        fieldDescription="Label for save to calender"
                        fieldLabel="Save to calender Label"
                        name="./savecallabel"
                        validateOnBlur="true"
                        xtype="textfield"/>
                </items>
            </eventinfo>
            <eventimage
                jcr:primaryType="cq:Widget"
                allowUpload="{Boolean}false"
                ddGroups="[media]"
                fileNameParameter="./imageFileName"
                fileReferenceParameter="./picture1"
                id="imagefield"
                name="./contentImage"
                title="Image1"
                xtype="smartimage"/>
            <eventimage2
                jcr:primaryType="cq:Widget"
                allowUpload="{Boolean}false"
                ddGroups="[media]"
                fileNameParameter="./imageFileName2"
                fileReferenceParameter="./picture2"
                name="./contentImage2"
                title="Image2"
                xtype="smartimage"/>
            <eventimage3
                jcr:primaryType="cq:Widget"
                allowUpload="{Boolean}false"
                ddGroups="[media]"
                fileNameParameter="./imageFileName3"
                fileReferenceParameter="./picture3"
                name="./contentImage3"
                title="Image3"
                xtype="smartimage"/>
            <eventimage4
                jcr:primaryType="cq:Widget"
                allowUpload="{Boolean}false"
                ddGroups="[media]"
                fileNameParameter="./imageFileName4"
                fileReferenceParameter="./picture4"
                name="./contentImage4"
                title="Image4"
                xtype="smartimage"/>
            <eventimage5
                jcr:primaryType="cq:Widget"
                allowUpload="{Boolean}false"
                ddGroups="[media]"
                fileNameParameter="./imageFileName5"
                fileReferenceParameter="./picture5"
                name="./contentImage5"
                title="Image5"
                xtype="smartimage"/>
            <eventimage6
                jcr:primaryType="cq:Widget"
                allowUpload="{Boolean}false"
                ddGroups="[media]"
                fileNameParameter="./imageFileName6"
                fileReferenceParameter="./picture6"
                name="./contentImage6"
                title="Image6"
                xtype="smartimage"/>
            <info
                jcr:primaryType="cq:Panel"
                title="Info Tab">
                <items jcr:primaryType="cq:WidgetCollection">
                    <information
                        jcr:primaryType="cq:Widget"
                        html="&lt;p>&lt;b>&lt;/b>&lt;/p>&#xa;&lt;p>&lt;h1 style=&quot;font-size:1.35em;&quot;>&lt;b>Event Hero Component&lt;/b>&lt;/h1>&lt;/p>&#xa;&lt;p>&lt;/p>&#xa;&lt;p>&lt;h1 style=&quot;font-size:1.2em;&quot;>Pages created using the Event template contain Event Hero component automatically included on the page. Content authors can configure the event title, hero image, description of the event, social sharing options, and also event venue &amp; schedule using the Event Hero Component. They can also drag and drop other global components like Drawers, Generic Content and Disclaimer to include additional event details on the page.&lt;/h1>&lt;/p>&#xa;&lt;p style=&quot;margin-top:1em;&quot;>&lt;b style=&quot;font-size:1.35em;&quot;>Authoring options:&lt;/b>&lt;/p>&#xa;&lt;p style=&quot;margin-top:1em;&quot;>&lt;h1 style=&quot;font-size:1.2em;&quot;>From the Event page, select the event hero component, right click, and select Edit. This will launch the Author Dialog.&lt;/h1>&lt;/p>&#xa;&lt;p style=&quot;margin-top:1em;&quot;>&lt;h1 style=&quot;font-size:1.2em;&quot;>The component has five tabs:  &lt;/h1>&lt;/p>&#xa;&lt;p style=&quot;margin-top:1em;&quot;>&lt;h1 style=&quot;font-size:1.2em;&quot;>•Event Details &lt;/h1>&lt;/p>&#xa;&lt;p style=&quot;margin-top:1em;&quot;>&lt;h1 style=&quot;font-size:1.2em;&quot;>•Event Info&lt;/h1>&lt;/p>&#xa;&lt;p style=&quot;margin-top:1em;&quot;>&lt;h1 style=&quot;font-size:1.2em;&quot;>•6 Image tabs&lt;/h1>&lt;/p>&#xa;&lt;p style=&quot;margin-top:1em;&quot;>&lt;b style=&quot;font-size:1.35em;&quot;>Event Details Tab&lt;/b>&lt;/p>&#xa;&lt;p style=&quot;margin-top:1em;&quot;>&#xa;&lt;table border=&quot;1&quot; cellspacing=&quot;10&quot; cellpadding=&quot;10&quot;>&#xa;&lt;tbody>&lt;tr>&lt;td width=&quot;151&quot; valign=&quot;top&quot; style=&quot;border:1px solid #ccc;padding:5px; &quot;>&lt;p>&lt;b>Event Title&lt;/b>&lt;/p>&#xa;&lt;/td>&#xa;&lt;td width=&quot;487&quot; valign=&quot;top&quot; style=&quot;border:1px solid #ccc; padding:5px; font-size:1.2em;&quot;>&lt;p>This defines the Title to be displayed in the Event Page  &#xa;&lt;/p>&#xa;&lt;/td>&#xa;&lt;/tr>&lt;tr>&lt;td width=&quot;151&quot; valign=&quot;top&quot; style=&quot;border:1px solid #ccc ;padding:5px;&quot;>&lt;p>&lt;b>Heading Copy&lt;/b>&lt;/p>&#xa;&lt;/td>&#xa;&lt;td width=&quot;487&quot; valign=&quot;top&quot; style=&quot;border:1px solid #ccc ;padding:5px; font-size:1.2em;&quot;>&lt;p>This is the sub-heading displayed below the hero image&lt;/p>&#xa;&lt;/td>&#xa;&lt;/tr>&lt;tr>&lt;td width=&quot;151&quot; valign=&quot;top&quot; style=&quot;border:1px solid #ccc ;padding:5px;&quot;>&lt;p>&lt;b>Description&lt;/b>&lt;/p>&#xa;&lt;/td>&#xa;&lt;td width=&quot;487&quot; valign=&quot;top&quot; style=&quot;border:1px solid #ccc ;padding:5px; font-size:1.2em;&quot;>&lt;p>This is a description of the event displayed below the Heading Copy.&lt;/p>&#xa;&lt;/td>&#xa;&lt;/tr>&lt;tr>&lt;td width=&quot;151&quot; valign=&quot;top&quot; style=&quot;border:1px solid #ccc ;padding:5px;&quot;>&lt;p>&lt;b>Display Social&lt;/b>&lt;/p>&#xa;&lt;/td>&#xa;&lt;td width=&quot;487&quot; valign=&quot;top&quot; style=&quot;border:1px solid #ccc ;padding:5px; font-size:1.2em;&quot;>&lt;p>Yes/ No: This is used to define if social sharing is displayed on the page or not. &lt;/p>&#xa;&lt;/td>&#xa;&lt;/tr>&lt;/tbody>&lt;/table>&lt;/p>&#xa;&lt;p style=&quot;margin-top:1em;&quot;>&lt;b style=&quot;font-size:1.35em;&quot;>Event Info Tab&lt;/b>&lt;/p>&#xa;&lt;p style=&quot;margin-top:1em;&quot;>&#xa;&lt;table border=&quot;1&quot; cellspacing=&quot;10&quot; cellpadding=&quot;10&quot;>&#xa;&lt;tbody>&lt;tr>&lt;td width=&quot;151&quot; valign=&quot;top&quot; style=&quot;border:1px solid #ccc;padding:5px; &quot;>&lt;p>&lt;b>Details Label&lt;/b>&lt;/p>&#xa;&lt;/td>&#xa;&lt;td width=&quot;487&quot; valign=&quot;top&quot; style=&quot;border:1px solid #ccc; padding:5px; font-size:1.2em;&quot;>&lt;p>This is the title displayed above the event schedule section  &#xa;&lt;/p>&#xa;&lt;/td>&#xa;&lt;/tr>&lt;tr>&lt;td width=&quot;151&quot; valign=&quot;top&quot; style=&quot;border:1px solid #ccc ;padding:5px;&quot;>&lt;p>&lt;b>Date Label&lt;/b>&lt;/p>&#xa;&lt;/td>&#xa;&lt;td width=&quot;487&quot; valign=&quot;top&quot; style=&quot;border:1px solid #ccc ;padding:5px; font-size:1.2em;&quot;>&lt;p>This is the label displayed before the event date&lt;/p>&#xa;&lt;/td>&#xa;&lt;/tr>&lt;tr>&lt;td width=&quot;151&quot; valign=&quot;top&quot; style=&quot;border:1px solid #ccc ;padding:5px;&quot;>&lt;p>&lt;b>Time Label&lt;/b>&lt;/p>&#xa;&lt;/td>&#xa;&lt;td width=&quot;487&quot; valign=&quot;top&quot; style=&quot;border:1px solid #ccc ;padding:5px; font-size:1.2em;&quot;>&lt;p>This is the label displayed before the event timing&lt;/p>&#xa;&lt;/td>&#xa;&lt;/tr>&lt;tr>&lt;td width=&quot;151&quot; valign=&quot;top&quot; style=&quot;border:1px solid #ccc ;padding:5px;&quot;>&lt;p>&#xa;&lt;b>&lt;p style=&quot;margin-top:1em;&quot;>&lt;h1 style=&quot;font-size:1em;&quot;>Event Start Date&lt;/h1>&lt;/p>&lt;/b>&#xa;&lt;b>&lt;p style=&quot;margin-top:1em;&quot;>&lt;h1 style=&quot;font-size:1em;&quot;>Event End Date&lt;/h1>&lt;/p>&lt;/b>&#xa;&lt;b>&lt;p style=&quot;margin-top:1em;&quot;>&lt;h1 style=&quot;font-size:1em;&quot;>Event Start Time&lt;/h1>&lt;/p>&lt;/b>&#xa;&lt;b>&lt;p style=&quot;margin-top:1em;&quot;>&lt;h1 style=&quot;font-size:1em;&quot;>Event End Time&lt;/h1>&lt;/p>&lt;/b>&#xa;&lt;b>&lt;p style=&quot;margin-top:1em;&quot;>&lt;h1 style=&quot;font-size:1em;&quot;>Select Timezone&lt;/h1>&lt;/p>&lt;/b>&#xa;&lt;/b>&lt;/p>&#xa;&lt;/td>&#xa;&lt;td width=&quot;487&quot; valign=&quot;top&quot; style=&quot;border:1px solid #ccc ;padding:5px; font-size:1.2em;&quot;>&lt;p>This is the date/time schedule for the event including the time zone in which the time is specified. These fields are used to display the date and time of the event on the page. These fields are also used to store the event details as a calendar entry on your phone (if the Save to calendar option is displayed on the page) &lt;/p>&#xa;&lt;/td>&#xa;&lt;/tr>&lt;tr>&lt;td width=&quot;151&quot; valign=&quot;top&quot; style=&quot;border:1px solid #ccc ;padding:5px;&quot;>&lt;p>&lt;b>Location Label&lt;/b>&lt;/p>&#xa;&lt;/td>&#xa;&lt;td width=&quot;487&quot; valign=&quot;top&quot; style=&quot;border:1px solid #ccc ;padding:5px; font-size:1.2em;&quot;>&lt;p>This is the label displayed before the event location&lt;/p>&#xa;&lt;/td>&#xa;&lt;/tr>&lt;tr>&lt;td width=&quot;151&quot; valign=&quot;top&quot; style=&quot;border:1px solid #ccc ;padding:5px;&quot;>&lt;p>&lt;b>Location&lt;/b>&lt;/p>&#xa;&lt;/td>&#xa;&lt;td width=&quot;487&quot; valign=&quot;top&quot; style=&quot;border:1px solid #ccc ;padding:5px; font-size:1.2em;&quot;>&lt;p>This is the venue for the event, This is also used to search for venue on Google Maps.&lt;/p>&#xa;&lt;/td>&#xa;&lt;/tr>&lt;tr>&lt;td width=&quot;151&quot; valign=&quot;top&quot; style=&quot;border:1px solid #ccc ;padding:5px;&quot;>&lt;p>&lt;b>Save to calendar Label&lt;/b>&lt;/p>&#xa;&lt;/td>&#xa;&lt;td width=&quot;487&quot; valign=&quot;top&quot; style=&quot;border:1px solid #ccc ;padding:5px; font-size:1.2em;&quot;>&lt;p>This is the copy displayed for the link that saves the event schedule to calendar as an ICS file. If no value is defined for this field, the ‘Save to calendar’ option is not displayed.&lt;/p>&#xa;&lt;/td>&#xa;&lt;/tr>&lt;/tbody>&lt;/table>&lt;/p>&#xa;&lt;p style=&quot;margin-top:1em;&quot;>&lt;b style=&quot;font-size:1.35em;&quot;>Image Tabs&lt;/b>&lt;/p>&#xa;&lt;p style=&quot;margin-top:1em;&quot;>&lt;h1 style=&quot;font-size:1.2em;&quot;>There are six Image tabs. If only Image1 tab has an image defined, a single image is shown as hero image on the page. If more than one image is defined, the images are displayed as a carousel on the page.  &lt;/h1>&lt;/p>&#xa;&lt;p style=&quot;margin-top:1em;&quot;>&#xa;&lt;table border=&quot;1&quot; cellspacing=&quot;10&quot; cellpadding=&quot;10&quot;>&#xa;&lt;tbody>&lt;tr>&lt;td width=&quot;151&quot; valign=&quot;top&quot; style=&quot;border:1px solid #ccc;padding:5px; &quot;>&lt;p>&lt;b>Image&lt;/b>&lt;/p>&#xa;&lt;/td>&#xa;&lt;td width=&quot;487&quot; valign=&quot;top&quot; style=&quot;border:1px solid #ccc; padding:5px; font-size:1.2em;&quot;>&lt;p>Drag and drop the image to be used in event page hero.&#xa;Image Sizing options: 640 X 320 px and Suggested max size – 24 KB&#xa;&lt;/p>&#xa;&lt;/td>&#xa;&lt;/tr>&lt;/tbody>&lt;/table>&lt;/p>&#xa;"
                        name="./label"
                        xtype="label"/>
                </items>
            </info>
        </items>
    </items>
    <listeners
        jcr:primaryType="nt:unstructured"
        beforesubmit="function(dialog){var eventStartDate = new Date();var eventEndDate = new Date();eventStartDate =CQ.Ext.getCmp('eventstartdate').getValue();eventEndDate =CQ.Ext.getCmp('eventenddate').getValue();var start = CQ.Ext.getCmp('eventstarttime').getValue();var end = CQ.Ext.getCmp('eventendtime').getValue();var dtStart = new Date(&quot;1/1/2007 &quot; + start);var dtEnd = new Date(&quot;1/1/2007 &quot; + end);var difference_in_milliseconds = dtEnd - dtStart;if(eventEndDate&lt;eventStartDate) {CQ.Ext.Msg.show({title:'Error',msg: 'End Date is less than Start Date',buttons:CQ.Ext.Msg.OK,icon:CQ.Ext.MessageBox.WARNING});CQ.Ext.getCmp('events').setFocus();}else if (difference_in_milliseconds &lt; 0){CQ.Ext.Msg.show({title:'Error',msg: 'End Time is less than Start Time',buttons:CQ.Ext.Msg.OK,icon:CQ.Ext.MessageBox.WARNING});CQ.Ext.getCmp('events').setFocus();}return IntelUtils.checkImageSizeOfCarouselImageHero(dialog,320,640);}"/>
</jcr:root>
