<?xml version="1.0" encoding="UTF-8"?>
<jcr:root xmlns:cq="http://www.day.com/jcr/cq/1.0" xmlns:jcr="http://www.jcp.org/jcr/1.0" xmlns:nt="http://www.jcp.org/jcr/nt/1.0"
    jcr:primaryType="cq:Dialog"
    title="Campaign Footer Component"
    width="100%"
    xtype="dialog">
    <items
        jcr:primaryType="cq:Widget"
        xtype="tabpanel">
        <items jcr:primaryType="cq:WidgetCollection">
            <tab1
                jcr:primaryType="cq:Panel"
                title="Title Details">
                <items jcr:primaryType="cq:WidgetCollection">
                    <sectiontitle
                        jcr:primaryType="cq:Widget"
                        fieldLabel="Title"
                        name="./sectiontitle"
                        xtype="textfield"/>
                    <buttontext
                        jcr:primaryType="cq:Widget"
                        fieldLabel="Button Text"
                        name="./buttontext"
                        xtype="textfield"/>
                    <legal
                        jcr:primaryType="cq:Widget"
                        boxMaxHeight="200"
                        boxMaxWidth="500"
                        fieldLabel="Information"
                        name="./legal"
                        validateOnBlur="true"
                        xtype="richtext">
                        <rtePlugins jcr:primaryType="nt:unstructured">
                            <image
                                jcr:primaryType="nt:unstructured"
                                features="*"/>
                            <lists
                                jcr:primaryType="nt:unstructured"
                                features="*"/>
                            <misctools
                                jcr:primaryType="nt:unstructured"
                                features="*"/>
                            <paraformat
                                jcr:primaryType="nt:unstructured"
                                features="*"/>
                            <styles
                                jcr:primaryType="nt:unstructured"
                                features="*"/>
                            <subsuperscript
                                jcr:primaryType="nt:unstructured"
                                features="*"/>
                        </rtePlugins>
                    </legal>
                    <linkUrl
                        jcr:primaryType="cq:Widget"
                        editable="{Boolean}true"
                        fieldLabel="Link Url"
                        name="./linkUrl"
                        predicate="hierarchy"
                        xtype="pathfield"/>
                    <sameornewwindow
                        jcr:primaryType="cq:Widget"
                        defaultValue="no"
                        fieldLabel="Open in new window"
                        name="./newwindow"
                        type="select"
                        value="no"
                        width="20"
                        xtype="selection">
                        <options jcr:primaryType="cq:WidgetCollection">
                            <no
                                jcr:primaryType="nt:unstructured"
                                text="No"
                                value="no"/>
                            <yes
                                jcr:primaryType="nt:unstructured"
                                text="Yes"
                                value="yes"/>
                        </options>
                    </sameornewwindow>
                    <imagealttext
                        jcr:primaryType="nt:unstructured"
                        allowBlank="{Boolean}true"
                        fieldDescription="Alt Text for Image"
                        fieldLabel="Image Alt Text"
                        name="./alttext"
                        validateOnBlur="true"
                        xtype="textfield"/>
                </items>
            </tab1>
            <tab2
                jcr:primaryType="cq:Widget"
                allowUpload="{Boolean}false"
                ddGroups="[media]"
                fileNameParameter="./imageFileName"
                fileReferenceParameter="./imagePath"
                name="./contentImage"
                title="Image"
                xtype="smartimage"/>
            <info
                jcr:primaryType="cq:Panel"
                title="Info Tab">
                <items jcr:primaryType="cq:WidgetCollection">
                    <information
                        jcr:primaryType="cq:Widget"
                        html="&lt;p>&lt;b>&lt;/b>&lt;/p>&#xa;&lt;p>&lt;h1 style=&quot;font-size:1.35em;&quot;>&lt;b>Campaign Footer:&lt;/b>&lt;/h1>&lt;/p>&#xa;&lt;p>&lt;/p>&#xa;&lt;p>&lt;h1 style=&quot;font-size:1.2em;&quot;>The Campaign footer component is used to set up the footer displayed in the Ultrabook Showcase page.&lt;/h1>&lt;/p>&#xa;&lt;p style=&quot;margin-top:1em;&quot;>&lt;b style=&quot;font-size:1.35em;&quot;>Open the Author Dialog&lt;/b>&lt;/p>&#xa;&lt;p style=&quot;margin-top:1em;&quot;>&lt;h1 style=&quot;font-size:1.2em;&quot;>From the Ultrabook Showcase page, select the campaign footer component, right click, and select Edit. This will launch the campaign Footer Author Dialog.&lt;/h1>&lt;/p>&#xa;&lt;p style=&quot;margin-top:1em;&quot;>&lt;b style=&quot;font-size:1.35em;&quot;>The component has two tabs:&lt;/b>&lt;/p>&#xa;&lt;p style=&quot;margin-top:1em;&quot;>&lt;h1 style=&quot;font-size:1.2em;&quot;>•Title Details&lt;/h1>&lt;/p>&#xa;&lt;p style=&quot;margin-top:1em;&quot;>&lt;h1 style=&quot;font-size:1.2em;&quot;>•Image&lt;/h1>&lt;/p>&#xa;&lt;p style=&quot;margin-top:1em;&quot;>&lt;b style=&quot;font-size:1.35em;&quot;>Title Details&lt;/b>&lt;/p>&#xa;&lt;table border=&quot;1&quot; cellspacing=&quot;10&quot; cellpadding=&quot;10&quot;>&#xa;&lt;tbody>&lt;tr>&lt;td width=&quot;151&quot; valign=&quot;top&quot; style=&quot;border:1px solid #ccc;padding:5px; &quot;>&lt;p>&lt;b>Title&lt;/b>&lt;/p>&#xa;&lt;/td>&#xa;&lt;td width=&quot;487&quot; valign=&quot;top&quot; style=&quot;border:1px solid #ccc; padding:5px; font-size:1.2em;&quot;>&lt;p>This defines the Title text to be displayed in the Campaign footer&lt;/p>&#xa;&lt;/td>&#xa;&lt;/tr>&lt;tr>&lt;td width=&quot;151&quot; valign=&quot;top&quot; style=&quot;border:1px solid #ccc ;padding:5px;&quot;>&lt;p>&lt;b>Button Text&lt;/b>&lt;/p>&#xa;&lt;/td>&#xa;&lt;td width=&quot;487&quot; valign=&quot;top&quot; style=&quot;border:1px solid #ccc ;padding:5px; font-size:1.2em;&quot;>&lt;p>This is the text that appears within the button in the Campaign footer &#xa; &lt;/p>&#xa;&lt;/td>&#xa;&lt;/tr>&lt;tr>&lt;td width=&quot;151&quot; valign=&quot;top&quot; style=&quot;border:1px solid #ccc ;padding:5px;&quot;>&lt;p>&lt;b>Information &lt;/b>&lt;/p>&#xa;&lt;/td>&#xa;&lt;td width=&quot;487&quot; valign=&quot;top&quot; style=&quot;border:1px solid #ccc ;padding:5px; font-size:1.2em;&quot;>&lt;p>This is additional information that can be displayed below the button in the footer&#xa; &lt;/p>&#xa;&lt;/td>&#xa;&lt;/tr>&lt;tr>&lt;td width=&quot;151&quot; valign=&quot;top&quot; style=&quot;border:1px solid #ccc ;padding:5px;&quot;>&lt;p>&lt;b>Link URL&lt;/b>&lt;/p>&#xa;&lt;/td>&#xa;&lt;td width=&quot;487&quot; valign=&quot;top&quot; style=&quot;border:1px solid #ccc ;padding:5px; font-size:1.2em;&quot;>&lt;p>Internal URL to the page displayed on click of the button&#xa; &lt;/p>&#xa;&lt;/td>&#xa;&lt;/tr>&lt;tr>&lt;td width=&quot;151&quot; valign=&quot;top&quot; style=&quot;border:1px solid #ccc ;padding:5px;&quot;>&lt;p>&lt;b>Open in new window&lt;/b>&lt;/p>&#xa;&lt;/td>&#xa;&lt;td width=&quot;487&quot; valign=&quot;top&quot; style=&quot;border:1px solid #ccc ;padding:5px; font-size:1.2em;&quot;>&lt;p>This is a yes/no option to open the link in the same window or a new one&#xa; &lt;/p>&#xa;&lt;/td>&#xa;&lt;/tr>&lt;tr>&lt;td width=&quot;151&quot; valign=&quot;top&quot; style=&quot;border:1px solid #ccc ;padding:5px;&quot;>&lt;p>&lt;b>Image alt text&lt;/b>&lt;/p>&#xa;&lt;/td>&#xa;&lt;td width=&quot;487&quot; valign=&quot;top&quot; style=&quot;border:1px solid #ccc ;padding:5px; font-size:1.2em;&quot;>&lt;p>Alt text for the Ultrabook campaign image in footer&#xa; &lt;/p>&#xa;&lt;/td>&#xa;&lt;/tr>&lt;/tbody>&lt;/table>&lt;/p>&#xa;&lt;p style=&quot;margin-top:1em;&quot;>&lt;b style=&quot;font-size:1.35em;&quot;>Image&lt;/b>&lt;/p>&#xa;&lt;table border=&quot;1&quot; cellspacing=&quot;10&quot; cellpadding=&quot;10&quot;>&#xa;&lt;tbody>&lt;tr>&lt;td width=&quot;151&quot; valign=&quot;top&quot; style=&quot;border:1px solid #ccc;padding:5px; &quot;>&lt;p>&lt;b>Image&lt;/b>&lt;/p>&#xa;&lt;/td>&#xa;&lt;td width=&quot;487&quot; valign=&quot;top&quot; style=&quot;border:1px solid #ccc; padding:5px; font-size:1.2em;&quot;>&lt;p>Drag and drop the image to be used in the campaign footer.&#xa;Image Sizing options: 540X150 with suggested max size of 27 KB&#xa;&lt;/p>&#xa;&lt;/td>&#xa;&lt;/tr>&lt;/tbody>&lt;/table>&lt;/p>"
                        name="./label"
                        xtype="label"/>
                </items>
            </info>
        </items>
    </items>
    <listeners
        jcr:primaryType="nt:unstructured"
        beforesubmit="function(dialog){ return IntelUtils.checkImageSizeOfSingleImage(dialog,'./contentImage',348,640);}"/>
</jcr:root>
