<?xml version="1.0" encoding="UTF-8"?>
<jcr:root xmlns:cq="http://www.day.com/jcr/cq/1.0" xmlns:jcr="http://www.jcp.org/jcr/1.0" xmlns:nt="http://www.jcp.org/jcr/nt/1.0"
    jcr:primaryType="cq:Dialog"
    title="Promotion Details Hero Component"
    width="100%"
    xtype="dialog">
    <items
        jcr:primaryType="cq:Widget"
        xtype="tabpanel">
        <items jcr:primaryType="cq:WidgetCollection">
            <tab1
                jcr:primaryType="cq:Panel"
                title="Promotion Details">
                <items jcr:primaryType="cq:WidgetCollection">
                    <promotitle
                        jcr:primaryType="cq:Widget"
                        collapsed="{Boolean}false"
                        collapsible="{Boolean}false"
                        xtype="dialogfieldset">
                        <items jcr:primaryType="cq:WidgetCollection">
                            <title
                                jcr:primaryType="cq:Widget"
                                fieldLabel="Promotion Title"
                                name="./promotitle"
                                xtype="textfield"/>
                        </items>
                    </promotitle>
                    <promotion
                        jcr:primaryType="cq:Widget"
                        collapsed="{Boolean}true"
                        collapsible="{Boolean}true"
                        title="Bundled Promotion Section"
                        xtype="dialogfieldset">
                        <items jcr:primaryType="cq:WidgetCollection">
                            <description
                                jcr:primaryType="cq:Widget"
                                boxMaxHeight="200"
                                boxMaxWidth="500"
                                fieldLabel="Promotion"
                                name="./promodescription"
                                validateOnBlur="true"
                                xtype="richtext">
                                <rtePlugins jcr:primaryType="nt:unstructured">
                                    <styles
                                        jcr:primaryType="nt:unstructured"
                                        features="*"/>
                                    <paraformat
                                        jcr:primaryType="nt:unstructured"
                                        features="*"/>
                                    <subsuperscript
                                        jcr:primaryType="nt:unstructured"
                                        features="*"/>
                                    <misctools
                                        jcr:primaryType="nt:unstructured"
                                        features="*"/>
                                    <lists
                                        jcr:primaryType="nt:unstructured"
                                        features="*"/>
                                    <image
                                        jcr:primaryType="nt:unstructured"
                                        features="*"/>
                                </rtePlugins>
                            </description>
                        </items>
                    </promotion>
                    <contentsection
                        jcr:primaryType="cq:Widget"
                        collapsed="{Boolean}true"
                        collapsible="{Boolean}true"
                        title="Promotion Details  Section"
                        xtype="dialogfieldset">
                        <items jcr:primaryType="cq:WidgetCollection">
                            <sectiontitle
                                jcr:primaryType="cq:Widget"
                                fieldLabel="Title"
                                name="./sectiontitle"
                                xtype="textfield"/>
                            <description
                                jcr:primaryType="cq:Widget"
                                boxMaxHeight="200"
                                boxMaxWidth="500"
                                fieldLabel="Description"
                                name="./description"
                                validateOnBlur="true"
                                xtype="richtext">
                                <rtePlugins jcr:primaryType="nt:unstructured">
                                    <styles
                                        jcr:primaryType="nt:unstructured"
                                        features="*"/>
                                    <paraformat
                                        jcr:primaryType="nt:unstructured"
                                        features="*"/>
                                    <subsuperscript
                                        jcr:primaryType="nt:unstructured"
                                        features="*"/>
                                    <misctools
                                        jcr:primaryType="nt:unstructured"
                                        features="*"/>
                                    <lists
                                        jcr:primaryType="nt:unstructured"
                                        features="*"/>
                                    <image
                                        jcr:primaryType="nt:unstructured"
                                        features="*"/>
                                </rtePlugins>
                            </description>
                        </items>
                    </contentsection>
                    <linksection
                        jcr:primaryType="cq:Widget"
                        collapsed="{Boolean}true"
                        collapsible="{Boolean}true"
                        title="Link Section"
                        xtype="dialogfieldset">
                        <items jcr:primaryType="cq:WidgetCollection">
                            <linkurl
                                jcr:primaryType="cq:Widget"
                                editable="{Boolean}true"
                                fieldLabel="Link URL"
                                name="./linkurl"
                                predicate="hierarchy"
                                rootPath="/content"
                                xtype="pathfield"/>
                            <linklabel
                                jcr:primaryType="cq:Widget"
                                fieldLabel="Link Label"
                                name="./linklabel"
                                xtype="textfield"/>
                            <sameornewwindow
                                jcr:primaryType="cq:Widget"
                                allowBlank="{Boolean}false"
                                defaultValue="no"
                                fieldLabel="New Window"
                                name="./newwindow"
                                type="select"
                                value="no"
                                width="20"
                                xtype="selection">
                                <options jcr:primaryType="cq:WidgetCollection">
                                    <no
                                        jcr:primaryType="nt:unstructured"
                                        text="No"
                                        value="no"/>
                                    <yes
                                        jcr:primaryType="nt:unstructured"
                                        text="Yes"
                                        value="yes"/>
                                </options>
                            </sameornewwindow>
                        </items>
                    </linksection>
                </items>
            </tab1>
            <heroimage
                jcr:primaryType="cq:Widget"
                allowUpload="{Boolean}false"
                ddGroups="[media]"
                fileNameParameter="./imageFileName"
                fileReferenceParameter="./imagePath"
                id="imagefield"
                name="./contentImage"
                title="Image"
                xtype="smartimage"/>
            <info
                jcr:primaryType="cq:Panel"
                title="Info Tab">
                <items jcr:primaryType="cq:WidgetCollection">
                    <information
                        jcr:primaryType="cq:Widget"
                        html="&lt;p>&lt;b>&lt;/b>&lt;/p>&#xa;&lt;p>&lt;h1 style=&quot;font-size:1.35em;&quot;>&lt;b>Promotion Details Hero Component&lt;/b>&lt;/h1>&lt;/p>&#xa;&lt;p>&lt;/p>&#xa;&lt;p>&lt;h1 style=&quot;font-size:1.2em;&quot;>The Promotion Details Hero component is used to set up the header and featured promotion details.&lt;/h1>&lt;/p>&#xa;&lt;p style=&quot;margin-top:1em;&quot;>&lt;b style=&quot;font-size:1.35em;&quot;>Authoring options:&lt;/b>&lt;/p>&#xa;&lt;p style=&quot;margin-top:1em;&quot;>&lt;h1 style=&quot;font-size:1.2em;&quot;>From the OEM Promotion page, select the promotion details hero component, right click, and select Edit. This will launch the Author Dialog. &lt;/h1>&lt;/p>&#xa;&lt;p style=&quot;margin-top:1em;&quot;>&lt;h1 style=&quot;font-size:1.2em;&quot;>The component has two tabs:  &lt;/h1>&lt;/p>&#xa;&lt;p style=&quot;margin-top:1em;&quot;>&lt;h1 style=&quot;font-size:1.2em;&quot;>•Promotion Details &lt;/h1>&lt;/p>&#xa;&lt;p style=&quot;margin-top:1em;&quot;>&lt;h1 style=&quot;font-size:1.2em;&quot;>•Hero Image  &lt;/h1>&lt;/p>&#xa;&lt;p style=&quot;margin-top:1em;&quot;>&lt;b style=&quot;font-size:1.35em;&quot;>Promotion Details&lt;/b>&lt;/p>&#xa;&lt;p style=&quot;margin-top:1em;&quot;>&#xa;&lt;table border=&quot;1&quot; cellspacing=&quot;10&quot; cellpadding=&quot;10&quot;>&#xa;&lt;tbody>&lt;tr>&lt;td width=&quot;151&quot; valign=&quot;top&quot; style=&quot;border:1px solid #ccc;padding:5px; &quot;>&lt;p>&lt;b>Promotion Title&lt;/b>&lt;/p>&#xa;&lt;/td>&#xa;&lt;td width=&quot;487&quot; valign=&quot;top&quot; style=&quot;border:1px solid #ccc; padding:5px; font-size:1.2em;&quot;>&lt;p>This defines the Title to be displayed in the OEM Promotion Page   &lt;/p>&#xa;&lt;/td>&#xa;&lt;/tr>&lt;tr>&lt;td width=&quot;151&quot; valign=&quot;top&quot; style=&quot;border:1px solid #ccc ;padding:5px;&quot;>&lt;p>&lt;b>Bundled Promotion Section&lt;/b>&lt;/p>&#xa;&lt;/td>&#xa;&lt;td width=&quot;487&quot; valign=&quot;top&quot; style=&quot;border:1px solid #ccc ;padding:5px; font-size:1.2em;&quot;>&lt;p>This is the featured promotion displayed below the hero image.&lt;/p>&#xa;&lt;/td>&#xa;&lt;/tr>&lt;tr>&lt;td width=&quot;151&quot; valign=&quot;top&quot; style=&quot;border:1px solid #ccc ;padding:5px;&quot;>&lt;p>&lt;b>Bundled Promotion Section: Promotion&lt;/b>&lt;/p>&#xa;&lt;/td>&#xa;&lt;td width=&quot;487&quot; valign=&quot;top&quot; style=&quot;border:1px solid #ccc ;padding:5px; font-size:1.2em;&quot;>&lt;p>This contains description of the featured promotion. The description can contain HTML and can be edited using the Rich text editor.&lt;/p>&#xa;&lt;/td>&#xa;&lt;/tr>&lt;tr>&lt;td width=&quot;151&quot; valign=&quot;top&quot; style=&quot;border:1px solid #ccc ;padding:5px;&quot;>&lt;p>&lt;b>Promotion Details Section&lt;/b>&lt;/p>&#xa;&lt;/td>&#xa;&lt;td width=&quot;487&quot; valign=&quot;top&quot; style=&quot;border:1px solid #ccc ;padding:5px; font-size:1.2em;&quot;>&lt;p>This is the promotion details displayed along with the featured promotion.&lt;/p>&#xa;&lt;/td>&#xa;&lt;/tr>&lt;tr>&lt;td width=&quot;151&quot; valign=&quot;top&quot; style=&quot;border:1px solid #ccc ;padding:5px;&quot;>&lt;p>&lt;b>Promotion Details Section: Title&lt;/b>&lt;/p>&#xa;&lt;/td>&#xa;&lt;td width=&quot;487&quot; valign=&quot;top&quot; style=&quot;border:1px solid #ccc ;padding:5px; font-size:1.2em;&quot;>&lt;p>This defines the Title to be displayed above the ‘Promotion Details’ section&#xa;&lt;/p>&#xa;&lt;/td>&#xa;&lt;/tr>&lt;tr>&lt;td width=&quot;151&quot; valign=&quot;top&quot; style=&quot;border:1px solid #ccc ;padding:5px;&quot;>&lt;p>&lt;b>Promotion Details Section: Description&lt;/b>&lt;/p>&#xa;&lt;/td>&#xa;&lt;td width=&quot;487&quot; valign=&quot;top&quot; style=&quot;border:1px solid #ccc ;padding:5px; font-size:1.2em;&quot;>&lt;p>This contains additional details about the featured promotion. The description can contain HTML and can be edited using the Rich text editor.&lt;/p>&#xa;&lt;/td>&#xa;&lt;/tr>&lt;tr>&lt;td width=&quot;151&quot; valign=&quot;top&quot; style=&quot;border:1px solid #ccc ;padding:5px;&quot;>&lt;p>&lt;b>Link Section&lt;/b>&lt;/p>&#xa;&lt;/td>&#xa;&lt;td width=&quot;487&quot; valign=&quot;top&quot; style=&quot;border:1px solid #ccc ;padding:5px; font-size:1.2em;&quot;>&lt;p>This is the link displayed along with the featured promotion.&lt;/p>&#xa;&lt;/td>&#xa;&lt;/tr>&lt;tr>&lt;td width=&quot;151&quot; valign=&quot;top&quot; style=&quot;border:1px solid #ccc ;padding:5px;&quot;>&lt;p>&lt;b>Link Section: Link Label&lt;/b>&lt;/p>&#xa;&lt;/td>&#xa;&lt;td width=&quot;487&quot; valign=&quot;top&quot; style=&quot;border:1px solid #ccc ;padding:5px; font-size:1.2em;&quot;>&lt;p>This is the copy displayed for any call to action link included with the promotion. NOTE: the call to action copy should end with a “>” to identify it as a link.&lt;/p>&#xa;&lt;/td>&#xa;&lt;/tr>&lt;tr>&lt;td width=&quot;151&quot; valign=&quot;top&quot; style=&quot;border:1px solid #ccc ;padding:5px;&quot;>&lt;p>&lt;b>Link Section: Link URL&lt;/b>&lt;/p>&#xa;&lt;/td>&#xa;&lt;td width=&quot;487&quot; valign=&quot;top&quot; style=&quot;border:1px solid #ccc ;padding:5px; font-size:1.2em;&quot;>&lt;p>This is the page to which the link will point&lt;/p>&#xa;&lt;/td>&#xa;&lt;/tr>&lt;tr>&lt;td width=&quot;151&quot; valign=&quot;top&quot; style=&quot;border:1px solid #ccc ;padding:5px;&quot;>&lt;p>&lt;b>Link Section: New Window&lt;/b>&lt;/p>&#xa;&lt;/td>&#xa;&lt;td width=&quot;487&quot; valign=&quot;top&quot; style=&quot;border:1px solid #ccc ;padding:5px; font-size:1.2em;&quot;>&lt;p>This decides whether the link opens in the same browser tab/window or as a new tab/window.&#xa;Select Yes if link is an external site Url&#xa;Select No if link is internal&#xa;&lt;/p>&#xa;&lt;/td>&#xa;&lt;/tr>&lt;/tbody>&lt;/table>&lt;/p>&#xa;&lt;p style=&quot;margin-top:1em;&quot;>&lt;b style=&quot;font-size:1.35em;&quot;>Image&lt;/b>&lt;/p>&#xa;&lt;p style=&quot;margin-top:1em;&quot;>&#xa;&lt;table border=&quot;1&quot; cellspacing=&quot;10&quot; cellpadding=&quot;10&quot;>&#xa;&lt;tbody>&lt;tr>&lt;td width=&quot;151&quot; valign=&quot;top&quot; style=&quot;border:1px solid #ccc;padding:5px; &quot;>&lt;p>&lt;b>Image&lt;/b>&lt;/p>&#xa;&lt;/td>&#xa;&lt;td width=&quot;487&quot; valign=&quot;top&quot; style=&quot;border:1px solid #ccc; padding:5px; font-size:1.2em;&quot;>&lt;p>Drag and drop the image to be used in the promotion landing page hero.&#xa;Image Sizing options: 640 X 320 px and Suggested max size – 24 KB&#xa;&#xa;&lt;/p>&#xa;&lt;/td>&#xa;&lt;/tr>&lt;/tbody>&lt;/table>&lt;/p>&#xa;&#xa;&#xa;&#xa;&#xa;&#xa;&#xa;&#xa;&#xa;&#xa;&#xa;&#xa;&#xa;&#xa;&#xa;&#xa;&#xa;&#xa;&#xa;&#xa;&#xa;"
                        name="./label"
                        xtype="label"/>
                </items>
            </info>
        </items>
    </items>
    <listeners
        jcr:primaryType="nt:unstructured"
        beforesubmit="function(dialog){ return IntelUtils.checkImageSizeOfCarouselImageHero(dialog,320,640);}"/>
</jcr:root>
