<?xml version="1.0" encoding="UTF-8"?>
<jcr:root xmlns:cq="http://www.day.com/jcr/cq/1.0" xmlns:jcr="http://www.jcp.org/jcr/1.0" xmlns:nt="http://www.jcp.org/jcr/nt/1.0"
    jcr:primaryType="cq:Dialog"
    title="Promotion Landing Hero Component"
    width="100%"
    xtype="dialog">
    <items
        jcr:primaryType="cq:Widget"
        xtype="tabpanel">
        <items jcr:primaryType="cq:WidgetCollection">
            <tab1
                jcr:primaryType="cq:Panel"
                title="Config">
                <items jcr:primaryType="cq:WidgetCollection">
                    <title
                        jcr:primaryType="cq:Widget"
                        allowBlank="{Boolean}false"
                        fieldLabel="Title"
                        name="./ptitle"
                        xtype="textfield"/>
                </items>
            </tab1>
            <heroimage
                jcr:primaryType="cq:Widget"
                allowUpload="{Boolean}false"
                ddGroups="[media]"
                fileNameParameter="./imageFileName"
                fileReferenceParameter="./imagePath"
                id="imagefield"
                name="./contentImage"
                title="Hero Image"
                xtype="smartimage"/>
            <info
                jcr:primaryType="cq:Panel"
                title="Info Tab">
                <items jcr:primaryType="cq:WidgetCollection">
                    <information
                        jcr:primaryType="cq:Widget"
                        html="&lt;p>&lt;b>&lt;/b>&lt;/p>&#xa;&lt;p>&lt;h1 style=&quot;font-size:1.35em;&quot;>&lt;b>Promotion Landing Hero Component:&lt;/b>&lt;/h1>&lt;/p>&#xa;&lt;p>&lt;/p>&#xa;&lt;p>&lt;h1 style=&quot;font-size:1.2em;&quot;>The Promotion Landing Hero component is used to set up the header and hero image displayed in the Promotion Landing page.  &lt;/h1>&lt;/p>&#xa;&lt;p style=&quot;margin-top:1em;&quot;>&lt;b style=&quot;font-size:1.35em;&quot;>Authoring options:&lt;/b>&lt;/p>&#xa;&lt;p style=&quot;margin-top:1em;&quot;>&lt;h1 style=&quot;font-size:1.2em;&quot;>From the Promotion Landing page, select the promotion landing hero component, right click, and select Edit. This will launch the Author Dialog.  &lt;/h1>&lt;/p>&#xa;&lt;p style=&quot;margin-top:1em;&quot;>&lt;h1 style=&quot;font-size:1.2em;&quot;>The component has two tabs:  &lt;/h1>&lt;/p>&#xa;&lt;p style=&quot;margin-top:1em;&quot;>&lt;h1 style=&quot;font-size:1.2em;&quot;>•Config &lt;/h1>&lt;/p>&#xa;&lt;p style=&quot;margin-top:1em;&quot;>&lt;h1 style=&quot;font-size:1.2em;&quot;>•Hero Image  &lt;/h1>&lt;/p>&#xa;&lt;p style=&quot;margin-top:1em;&quot;>&lt;b style=&quot;font-size:1.35em;&quot;>Config Details&lt;/b>&lt;/p>&#xa;&lt;p style=&quot;margin-top:1em;&quot;>&#xa;&lt;table border=&quot;1&quot; cellspacing=&quot;10&quot; cellpadding=&quot;10&quot;>&#xa;&lt;tbody>&lt;tr>&lt;td width=&quot;151&quot; valign=&quot;top&quot; style=&quot;border:1px solid #ccc;padding:5px; &quot;>&lt;p>&lt;b>Title&lt;/b>&lt;/p>&#xa;&lt;/td>&#xa;&lt;td width=&quot;487&quot; valign=&quot;top&quot; style=&quot;border:1px solid #ccc; padding:5px; font-size:1.2em;&quot;>&lt;p>This defines the Title to be displayed in the Promotion Landing Page  &lt;/p>&#xa;&lt;/td>&#xa;&lt;/tr>&lt;/tbody>&lt;/table>&lt;/p>&#xa;&lt;p style=&quot;margin-top:1em;&quot;>&lt;b style=&quot;font-size:1.35em;&quot;>Hero Image&lt;/b>&lt;/p>&#xa;&lt;p style=&quot;margin-top:1em;&quot;>&#xa;&lt;table border=&quot;1&quot; cellspacing=&quot;10&quot; cellpadding=&quot;10&quot;>&#xa;&lt;tbody>&lt;tr>&lt;td width=&quot;151&quot; valign=&quot;top&quot; style=&quot;border:1px solid #ccc;padding:5px; &quot;>&lt;p>&lt;b>Image&lt;/b>&lt;/p>&#xa;&lt;/td>&#xa;&lt;td width=&quot;487&quot; valign=&quot;top&quot; style=&quot;border:1px solid #ccc; padding:5px; font-size:1.2em;&quot;>&lt;p>Drag and drop the image to be used in the promotion landing page hero.&#xa;Image Sizing options: 640 X 320 px and Suggested max size – 24 KB&#xa; &lt;/p>&#xa;&lt;/td>&#xa;&lt;/tr>&lt;/tbody>&lt;/table>&lt;/p>&#xa;&#xa;&#xa;&#xa;&#xa;&#xa;&#xa;&#xa;&#xa;&#xa;&#xa;&#xa;&#xa;&#xa;&#xa;&#xa;&#xa;&#xa;&#xa;&#xa;&#xa;"
                        name="./label"
                        xtype="label"/>
                </items>
            </info>
        </items>
    </items>
    <listeners
        jcr:primaryType="nt:unstructured"
        beforesubmit="function(dialog){ return IntelUtils.checkImageSizeOfCarouselImageHero(dialog,320,640);}"/>
</jcr:root>
