<?xml version="1.0" encoding="UTF-8"?>
<jcr:root xmlns:cq="http://www.day.com/jcr/cq/1.0" xmlns:jcr="http://www.jcp.org/jcr/1.0" xmlns:nt="http://www.jcp.org/jcr/nt/1.0"
    jcr:primaryType="cq:Dialog"
    title="Disclaimer Component"
    width="100%"
    xtype="dialog">
    <items
        jcr:primaryType="cq:Widget"
        xtype="tabpanel">
        <items jcr:primaryType="cq:WidgetCollection">
            <tab1
                jcr:primaryType="cq:Panel"
                title="Disclaimer">
                <items jcr:primaryType="cq:WidgetCollection">
                    <disclaimertype
                        jcr:primaryType="cq:Widget"
                        defaultValue="datadriven"
                        fieldLabel="Disclaimer Type"
                        name="./disclaimerType"
                        type="select"
                        xtype="selection">
                        <options jcr:primaryType="cq:WidgetCollection">
                            <authored
                                jcr:primaryType="nt:unstructured"
                                text="Authored (Mention Disclaimer Text)"
                                value="authored"/>
                            <datadriven
                                jcr:primaryType="nt:unstructured"
                                text="Data Driven (Mention Disclaimer Number)"
                                value="datadriven"/>
                        </options>
                        <listeners
                            jcr:primaryType="nt:unstructured"
                            loadcontent="function(box){ if (this.getValue()==&quot;datadriven&quot;){&#x9;box.findParentByType('tabpanel').findByType('richtext')[0].disable(); box.findParentByType('tabpanel').findByType('textfield')[1].enable();} else { box.findParentByType('tabpanel').findByType('richtext')[0].enable(); box.findParentByType('tabpanel').findByType('textfield')[1].disable();}return true;}"
                            selectionchanged="function(box){ if (this.getValue()==&quot;datadriven&quot;){&#x9;box.findParentByType('tabpanel').findByType('richtext')[0].disable(); box.findParentByType('tabpanel').findByType('textfield')[1].enable();} else { box.findParentByType('tabpanel').findByType('richtext')[0].enable(); box.findParentByType('tabpanel').findByType('textfield')[1].disable();}return true;}"/>
                    </disclaimertype>
                    <disclaimernumber
                        jcr:primaryType="cq:Widget"
                        fieldLabel="Disclaimer Number"
                        name="./disclaimerNumber"
                        xtype="textfield"/>
                    <authoreddisclaimer
                        jcr:primaryType="nt:unstructured"
                        fieldDescription="Text of the Disclaimer"
                        fieldLabel="Disclaimer Text"
                        grow="true"
                        name="./authoredDisclaimer"
                        validateOnBlur="true"
                        xtype="richtext">
                        <rtePlugins jcr:primaryType="nt:unstructured">
                            <styles
                                jcr:primaryType="nt:unstructured"
                                features="*"/>
                            <paraformat
                                jcr:primaryType="nt:unstructured"
                                features="*"/>
                            <subsuperscript
                                jcr:primaryType="nt:unstructured"
                                features="*"/>
                            <misctools
                                jcr:primaryType="nt:unstructured"
                                features="*"/>
                            <lists
                                jcr:primaryType="nt:unstructured"
                                features="*"/>
                            <image
                                jcr:primaryType="nt:unstructured"
                                features="*"/>
                        </rtePlugins>
                    </authoreddisclaimer>
                    <hidecomponent
                        jcr:primaryType="cq:Widget"
                        defaultValue="no"
                        fieldLabel="Hide Disclaimer ?"
                        name="./hide"
                        type="select"
                        xtype="selection">
                        <options jcr:primaryType="cq:WidgetCollection">
                            <yes
                                jcr:primaryType="nt:unstructured"
                                text="Yes"
                                value="yes"/>
                            <no
                                jcr:primaryType="nt:unstructured"
                                text="No"
                                value="no"/>
                        </options>
                        <listeners
                            jcr:primaryType="nt:unstructured"
                            loadcontent="function(box){ if (this.getValue()==&quot;yes&quot;){&#x9;box.findParentByType('tabpanel').findByType('selection')[2].disable(); } else { box.findParentByType('tabpanel').findByType('selection')[2].enable(); }return true;}"
                            selectionchanged="function(box){ if (this.getValue()==&quot;yes&quot;){&#x9;box.findParentByType('tabpanel').findByType('selection')[2].disable(); } else { box.findParentByType('tabpanel').findByType('selection')[2].enable(); }return true;}"/>
                    </hidecomponent>
                    <defaultexpand
                        jcr:primaryType="cq:Widget"
                        defaultValue="yes"
                        fieldLabel="Expand By Default ?"
                        name="./expand"
                        type="select"
                        xtype="selection">
                        <options jcr:primaryType="cq:WidgetCollection">
                            <yes
                                jcr:primaryType="nt:unstructured"
                                text="Yes"
                                value="yes"/>
                            <no
                                jcr:primaryType="nt:unstructured"
                                text="No"
                                value="no"/>
                        </options>
                    </defaultexpand>
                </items>
            </tab1>
            <info
                jcr:primaryType="cq:Panel"
                title="Info Tab">
                <items jcr:primaryType="cq:WidgetCollection">
                    <information
                        jcr:primaryType="cq:Widget"
                        html="&lt;p>&lt;b>&lt;/b>&lt;/p>&#xa;&lt;p>&lt;h1 style=&quot;font-size:1.35em;&quot;>&lt;b>Disclaimer Component&lt;/b>&lt;/h1>&lt;/p>&#xa;&lt;p>&lt;/p>&#xa;&lt;p>&lt;h1 style=&quot;font-size:1.2em;&quot;>The Disclaimer component exists on all pages. It is displayed below the page content and just above the Global Footer. It allows a content author to define disclaimer text related to page content. This can be done via entering the copy via the Adobe CQ CMS or enter the disclaimers unique ID from the Intel Re-Imagine disclaimer database.&lt;/h1>&lt;/p>&#xa;&lt;p>&lt;/p>&#xa;&lt;p style=&quot;margin-top:1em;&quot;>&lt;b style=&quot;font-size:1.35em;&quot;>Authoring options:&lt;/b>&lt;/p>&#xa;&lt;p>&lt;h1 style=&quot;font-size:1.2em;&quot;> As mentioned in the overview, the disclaimer component allows for copy to be manually entered into the CMS or a dynamic disclaimer to be entered via unique ID. &lt;/h1>&lt;/p>&#xa;&lt;p style=&quot;margin-top:1em;&quot;>&lt;table border=&quot;1&quot; cellspacing=&quot;10&quot; cellpadding=&quot;10&quot;>&#xa;&lt;tbody>&lt;tr>&lt;td width=&quot;151&quot; valign=&quot;top&quot; style=&quot;border:1px solid #ccc;padding:5px;&quot;>&lt;p>&lt;b>Disclaimer Type&lt;/b>&lt;/p>&#xa;&lt;/td>&#xa;&lt;td width=&quot;487&quot; valign=&quot;top&quot; style=&quot;border:1px solid #ccc;padding:5px;font-size:1.2em;&quot;>&lt;p>Dropdown selection of how you wish to define the disclaimer copy&#xa;NOTE: The dynamic disclaimer feature via unique ID is currently unavailable – Nov 7, 2012&#xa;&lt;/p>&#xa;&lt;/td>&#xa;&lt;/tr>&lt;tr>&lt;td width=&quot;151&quot; valign=&quot;top&quot; style=&quot;border:1px solid #ccc;padding:5px;&quot;>&lt;p>&lt;b>Disclaimer Number&lt;/b>&lt;/p>&#xa;&lt;/td>&#xa;&lt;td width=&quot;487&quot; valign=&quot;top&quot; style=&quot;border:1px solid #ccc;padding:5px;font-size:1.2em;&quot;>&lt;p>Unique ID when dynamic feature is used. Blank otherwise &#xa;&lt;/p>&#xa;&lt;/td>&#xa;&lt;/tr>&lt;tr>&lt;td width=&quot;151&quot; valign=&quot;top&quot; style=&quot;border:1px solid #ccc;padding:5px;&quot;>&lt;p>&lt;b>Disclaimer Text&lt;/b>&lt;/p>&#xa;&lt;/td>&#xa;&lt;td width=&quot;487&quot; valign=&quot;top&quot; style=&quot;border:1px solid #ccc;padding:5px;font-size:1.2em;&quot;>&lt;p>CMS entered disclaimer copy. Left blank when dynamic disclaimer ID is provided &lt;/p>&#xa;&lt;/td>&#xa;&lt;tr>&lt;/tr>&#xa;&lt;td width=&quot;151&quot; valign=&quot;top&quot; style=&quot;border:1px solid #ccc;padding:5px;&quot;>&lt;p>&lt;b>Hide Disclaimer&lt;/b>&lt;/p>&#xa;&lt;/td>&#xa;&lt;td width=&quot;487&quot; valign=&quot;top&quot; style=&quot;border:1px solid #ccc;padding:5px;font-size:1.2em;&quot;>&lt;p>Dropdown Yes/No selection. Select Yes if the page will not display a disclaimer&lt;/p>&#xa;&lt;/td>&#xa;&lt;tr>&lt;/tr>&#xa;&lt;td width=&quot;151&quot; valign=&quot;top&quot; style=&quot;border:1px solid #ccc;padding:5px;&quot;>&lt;p>&lt;b>Expand By Default&lt;/b>&lt;/p>&#xa;&lt;/td>&#xa;&lt;td width=&quot;487&quot; valign=&quot;top&quot; style=&quot;border:1px solid #ccc;padding:5px;font-size:1.2em;&quot;>&lt;p>All disclaimers must be expanded by default. This is a legal requirement.&lt;/p>&#xa;&lt;/td>&#xa;&lt;/tr>&lt;/tbody>&lt;/table>&lt;/p>&#xa;"
                        name="./label"
                        xtype="label"/>
                </items>
            </info>
        </items>
    </items>
</jcr:root>
