<?xml version="1.0" encoding="UTF-8"?>
<jcr:root xmlns:cq="http://www.day.com/jcr/cq/1.0" xmlns:jcr="http://www.jcp.org/jcr/1.0" xmlns:nt="http://www.jcp.org/jcr/nt/1.0"
    jcr:primaryType="cq:Dialog"
    title="Find Retailer "
    width="100%"
    xtype="dialog">
    <items
        jcr:primaryType="cq:Widget"
        xtype="tabpanel">
        <items jcr:primaryType="cq:WidgetCollection">
            <categorytab
                jcr:primaryType="cq:Panel"
                title="Category Options">
                <items jcr:primaryType="cq:WidgetCollection">
                    <categoryoptions
                        jcr:primaryType="cq:Widget"
                        allowBlank="{Boolean}true"
                        defaultValue="ultrabooks"
                        fieldDescription="Please Select a Valid Product Category"
                        fieldLabel="Category Options"
                        name="./category"
                        type="select"
                        value="no"
                        width="20"
                        xtype="selection">
                        <options jcr:primaryType="cq:WidgetCollection">
                            <ultrabooks
                                jcr:primaryType="nt:unstructured"
                                text="Ultrabooks"
                                value="ultrabooks"/>
                            <allinones
                                jcr:primaryType="nt:unstructured"
                                text="All In Ones"
                                value="allinones"/>
                            <desktop
                                jcr:primaryType="nt:unstructured"
                                text="Desktops"
                                value="desktop"/>
                            <tablets
                                jcr:primaryType="nt:unstructured"
                                text="Tablets"
                                value="tablets"/>
                            <smartphones
                                jcr:primaryType="nt:unstructured"
                                text="Smartphones"
                                value="smartphones"/>
                            <laptops
                                jcr:primaryType="nt:unstructured"
                                text="Laptops"
                                value="laptop"/>
                            <motherboards
                                jcr:primaryType="nt:unstructured"
                                text="Motherboards"
                                value="motherboards"/>
                            <ssd
                                jcr:primaryType="nt:unstructured"
                                text="Solid State Drives"
                                value="ssd"/>
                        </options>
                    </categoryoptions>
                </items>
            </categorytab>
            <tagstab
                jcr:primaryType="cq:Panel"
                title="Tag Options">
                <items jcr:primaryType="cq:WidgetCollection">
                    <hero
                        jcr:primaryType="cq:Widget"
                        customMultiFieldName="./questions"
                        fieldDescription="Click '+' to add a new option"
                        fieldLabel="Tag Options"
                        maxItems="30"
                        name="./questions"
                        xtype="custommultifield">
                        <fieldConfig jcr:primaryType="cq:WidgetCollection">
                            <tagsoptions
                                jcr:primaryType="cq:Widget"
                                allowBlank="{Boolean}false"
                                fieldLabel="Tag Options"
                                name="./tagsoption"
                                type="select"
                                value="no"
                                width="20"
                                xtype="selection">
                                <options jcr:primaryType="cq:WidgetCollection">
                                    <manufaturer
                                        jcr:primaryType="nt:unstructured"
                                        text="Manufacturer"
                                        value="manufacturer"/>
                                    <os
                                        jcr:primaryType="nt:unstructured"
                                        text="Operating System"
                                        value="os"/>
                                    <processor
                                        jcr:primaryType="nt:unstructured"
                                        text="Processor"
                                        value="processor"/>
                                    <price
                                        jcr:primaryType="nt:unstructured"
                                        text="Price"
                                        value="bestPrice"/>
                                    <ram
                                        jcr:primaryType="nt:unstructured"
                                        text="Ram"
                                        value="ram"/>
                                    <ssd
                                        jcr:primaryType="nt:unstructured"
                                        text="SSD"
                                        value="738"/>
                                    <screen
                                        jcr:primaryType="nt:unstructured"
                                        text="Screensize"
                                        value="screen"/>
                                    <audience
                                        jcr:primaryType="nt:unstructured"
                                        text="Audience"
                                        value="audience"/>
                                    <weight
                                        jcr:primaryType="nt:unstructured"
                                        text="Weight"
                                        value="weight"/>
                                    <boardformfactor
                                        jcr:primaryType="nt:unstructured"
                                        text="Board Form Factor"
                                        value="735"/>
                                    <capacity
                                        jcr:primaryType="nt:unstructured"
                                        text="Capacity"
                                        value="3"/>
                                    <interface
                                        jcr:primaryType="nt:unstructured"
                                        text="Interface"
                                        value="741"/>
                                    <series
                                        jcr:primaryType="nt:unstructured"
                                        text="Series"
                                        value="733"/>
                                    <carrier
                                        jcr:primaryType="nt:unstructured"
                                        text="Carrier"
                                        value="carriervalue"/>
                                    <country
                                        jcr:primaryType="nt:unstructured"
                                        text="Country"
                                        value="countryvalue"/>
                                    <chipset
                                        jcr:primaryType="nt:unstructured"
                                        text="Chipset"
                                        value="736"/>
                                    <integratedgraphics
                                        jcr:primaryType="nt:unstructured"
                                        text="Integrated Graphics"
                                        value="731"/>
                                    <memory
                                        jcr:primaryType="nt:unstructured"
                                        text="Memory"
                                        value="737"/>
                                    <socket
                                        jcr:primaryType="nt:unstructured"
                                        text="Socket"
                                        value="706"/>
                                    <harddrive
                                        jcr:primaryType="nt:unstructured"
                                        text="Hard Drive"
                                        value="hardDrive"/>
                                    <formfactor
                                        jcr:primaryType="nt:unstructured"
                                        text="Form Factor"
                                        value="740"/>
                                    <filterprocessor
                                        jcr:primaryType="nt:unstructured"
                                        text="Filter Processor"
                                        value="filterprocessor"/>
                                    <picture
                                        jcr:primaryType="nt:unstructured"
                                        text="Picture"
                                        value="picture"/>
                                </options>
                            </tagsoptions>
                        </fieldConfig>
                    </hero>
                </items>
            </tagstab>
        </items>
    </items>
</jcr:root>
