<?xml version="1.0" encoding="UTF-8"?>
<jcr:root xmlns:cq="http://www.day.com/jcr/cq/1.0" xmlns:jcr="http://www.jcp.org/jcr/1.0"
    jcr:primaryType="cq:Dialog"
    title="CMS Link One"
    width="100%"
    xtype="dialog">
    <items
        jcr:primaryType="cq:Widget"
        xtype="tabpanel">
        <items jcr:primaryType="cq:WidgetCollection">
            <tab1
                jcr:primaryType="cq:Panel"
                title="Config">
                <items jcr:primaryType="cq:WidgetCollection">
                    <citytitle
                        jcr:primaryType="cq:Widget"
                        customMultiFieldName="./citytitle"
                        fieldDescription="Click the '+' to add a new Link."
                        filedLabel="City Name"
                        maxItems="12"
                        name="./citytitle"
                        xtype="custommultifield">
                        <fieldConfig jcr:primaryType="cq:WidgetCollection">
                            <Copy_x0020_Text
                                jcr:primaryType="cq:Widget"
                                allowBlank="{Boolean}false"
                                fieldLabel="Copy Text"
                                name="./cityname"
                                xtype="textfield"/>
                        </fieldConfig>
                    </citytitle>
                    <title
                        jcr:primaryType="cq:Widget"
                        fieldLabel="Contel Title"
                        name="./title"
                        xtype="textarea"/>
                </items>
            </tab1>
        </items>
    </items>
</jcr:root>
